--------------------------------------------------------
-- Archivo creado  - domingo-marzo-06-2016   
--------------------------------------------------------
--------------------------------------------------------
--  DDL for DB Link DBLINK_MISPESOS
--------------------------------------------------------

  CREATE DATABASE LINK "DBLINK_MISPESOS"
   CONNECT TO "MISPESOS" IDENTIFIED BY VALUES '058AD070191DC55B84CA7D4E9E5E857C0A8779C5A88A05BF50'
   USING '(DESCRIPTION=
    (ADDRESS=
     (PROTOCOL=TCP)
    (HOST=192.168.1.236)
     (PORT=1521))
     (CONNECT_DATA=
      (SID=PERSONAL)))';
--------------------------------------------------------
--  DDL for Sequence SEQ_ID_OPEVENTORAW
--------------------------------------------------------

   CREATE SEQUENCE  "ANLYT"."SEQ_ID_OPEVENTORAW"  MINVALUE 1 MAXVALUE 9999999999999999999999999999 INCREMENT BY 1 START WITH 21 CACHE 20 NOORDER  NOCYCLE ;
--------------------------------------------------------
--  DDL for Table OP_CATEGORIA_EDAD
--------------------------------------------------------

  CREATE TABLE "ANLYT"."OP_CATEGORIA_EDAD" 
   (	"ID_CATEGORIA_EDAD" NUMBER(3,0), 
	"EDAD_INICIAL" NUMBER(3,0), 
	"EDAD_FINAL" NUMBER(3,0), 
	"DESC_CATEGORIA_EDAD" VARCHAR2(20 BYTE)
   ) SEGMENT CREATION IMMEDIATE 
  PCTFREE 10 PCTUSED 40 INITRANS 1 MAXTRANS 255 NOCOMPRESS LOGGING
  STORAGE(INITIAL 65536 NEXT 1048576 MINEXTENTS 1 MAXEXTENTS 2147483645
  PCTINCREASE 0 FREELISTS 1 FREELIST GROUPS 1 BUFFER_POOL DEFAULT FLASH_CACHE DEFAULT CELL_FLASH_CACHE DEFAULT)
  TABLESPACE "USERS" ;
--------------------------------------------------------
--  DDL for Table OP_CIUDAD
--------------------------------------------------------

  CREATE TABLE "ANLYT"."OP_CIUDAD" 
   (	"ID_CIUDAD" NUMBER(4,0), 
	"PAIS_NOMBRE" VARCHAR2(30 BYTE), 
	"DEPARTAMENTO_COD" VARCHAR2(2 BYTE), 
	"DEPARTAMENTO_NOMBRE" VARCHAR2(30 BYTE), 
	"MUNICIPIO_COD" VARCHAR2(4 BYTE), 
	"MUNICIPIO_NOMBRE" VARCHAR2(30 BYTE), 
	"LATITUD" NUMBER(9,6), 
	"LONGITUD" NUMBER(9,6), 
	"DEPARTAMENTO_GEO_CODE" VARCHAR2(20 BYTE)
   ) SEGMENT CREATION IMMEDIATE 
  PCTFREE 10 PCTUSED 40 INITRANS 1 MAXTRANS 255 NOCOMPRESS LOGGING
  STORAGE(INITIAL 65536 NEXT 1048576 MINEXTENTS 1 MAXEXTENTS 2147483645
  PCTINCREASE 0 FREELISTS 1 FREELIST GROUPS 1 BUFFER_POOL DEFAULT FLASH_CACHE DEFAULT CELL_FLASH_CACHE DEFAULT)
  TABLESPACE "USERS" ;
--------------------------------------------------------
--  DDL for Table OP_EMPRESA
--------------------------------------------------------

  CREATE TABLE "ANLYT"."OP_EMPRESA" 
   (	"ID_EMPRESA" NUMBER(9,0), 
	"NIT" VARCHAR2(20 BYTE), 
	"RAZON_SOCIAL" VARCHAR2(200 BYTE)
   ) SEGMENT CREATION IMMEDIATE 
  PCTFREE 10 PCTUSED 40 INITRANS 1 MAXTRANS 255 NOCOMPRESS LOGGING
  STORAGE(INITIAL 65536 NEXT 1048576 MINEXTENTS 1 MAXEXTENTS 2147483645
  PCTINCREASE 0 FREELISTS 1 FREELIST GROUPS 1 BUFFER_POOL DEFAULT FLASH_CACHE DEFAULT CELL_FLASH_CACHE DEFAULT)
  TABLESPACE "USERS" ;
--------------------------------------------------------
--  DDL for Table OP_EVENTO
--------------------------------------------------------

  CREATE TABLE "ANLYT"."OP_EVENTO" 
   (	"EVENTO_COD" NUMBER(16,0), 
	"EVENTO_TIPO" VARCHAR2(10 BYTE), 
	"EVENTO_FECHA" DATE, 
	"EVENTO_DIRECCION_IP" VARCHAR2(20 BYTE), 
	"EVENTO_CANAL" VARCHAR2(20 BYTE), 
	"EVENTO_RESP_NROCONFIRMACION" NUMBER(16,0), 
	"EVENTO_RESP_COD" VARCHAR2(20 BYTE), 
	"EVENTO_RESP_DESCRIPCION" VARCHAR2(256 BYTE), 
	"ID_CAJA" NUMBER(9,0), 
	"TX_ORIGEN_CUENTA" VARCHAR2(20 BYTE), 
	"TX_DESTINO_CUENTA" VARCHAR2(20 BYTE), 
	"ID_CAJERO" NUMBER(9,0), 
	"BONO_SERIAL" VARCHAR2(20 BYTE), 
	"BONO_ESPECIE_COD" VARCHAR2(20 BYTE), 
	"BONO_EMISOR_COD" VARCHAR2(20 BYTE), 
	"BONO_ESPECIE_VER" VARCHAR2(20 BYTE), 
	"BONO_ESTADO" VARCHAR2(20 BYTE), 
	"BONO_VALOR" NUMBER(16,2), 
	"BONO_DENOMINACION" VARCHAR2(256 BYTE), 
	"BONO_FECHA_VENCIMIENTO" DATE, 
	"ID_EVENTORAW" NUMBER(16,0)
   ) SEGMENT CREATION IMMEDIATE 
  PCTFREE 10 PCTUSED 40 INITRANS 1 MAXTRANS 255 NOCOMPRESS LOGGING
  STORAGE(INITIAL 65536 NEXT 1048576 MINEXTENTS 1 MAXEXTENTS 2147483645
  PCTINCREASE 0 FREELISTS 1 FREELIST GROUPS 1 BUFFER_POOL DEFAULT FLASH_CACHE DEFAULT CELL_FLASH_CACHE DEFAULT)
  TABLESPACE "USERS" ;

   COMMENT ON COLUMN "ANLYT"."OP_EVENTO"."EVENTO_COD" IS 'viene desde el evento raw (del broker), pero se maneja aparte una llave artificial para evitar duplicidad';
   COMMENT ON COLUMN "ANLYT"."OP_EVENTO"."EVENTO_TIPO" IS '"E1:EmisionCompletada,E2:TransferenciaAgregadorRealizada,E3:TransferenciaEmpresarioRealizada,E4:RedencionRealizada"';
   COMMENT ON COLUMN "ANLYT"."OP_EVENTO"."EVENTO_FECHA" IS 'fecha en la cual se ejecutó el evento en la plataforma (la boveda)
';
   COMMENT ON COLUMN "ANLYT"."OP_EVENTO"."EVENTO_DIRECCION_IP" IS 'direccion ip de la maquina donde se hace la redencion
';
   COMMENT ON COLUMN "ANLYT"."OP_EVENTO"."EVENTO_CANAL" IS 'canal a traves del cual se solicitó la ejecución del evento dominio: DATAFONO, APPMOVIL, APPWEB,PLATAFORMA_GOFIVE,PORTAL
';
   COMMENT ON COLUMN "ANLYT"."OP_EVENTO"."EVENTO_RESP_NROCONFIRMACION" IS 'numero de confirmacion de la transaccion efectuada y confirmada
';
   COMMENT ON COLUMN "ANLYT"."OP_EVENTO"."EVENTO_RESP_COD" IS 'codigo de respuesta enviada por la boveda
';
   COMMENT ON COLUMN "ANLYT"."OP_EVENTO"."EVENTO_RESP_DESCRIPCION" IS 'mensaje de feedback enviado por la boveda
';
   COMMENT ON COLUMN "ANLYT"."OP_EVENTO"."ID_CAJA" IS 'Id de la caja donde se redime
';
   COMMENT ON COLUMN "ANLYT"."OP_EVENTO"."TX_ORIGEN_CUENTA" IS 'cuenta origen de la transaccion (redencion: de la persona que redime)
';
   COMMENT ON COLUMN "ANLYT"."OP_EVENTO"."TX_DESTINO_CUENTA" IS 'codigo que identifica a la cuenta destino de la transaccion (redención: del comercio donde se redime)
';
   COMMENT ON COLUMN "ANLYT"."OP_EVENTO"."ID_CAJERO" IS 'Id del cajero donde se redime
';
   COMMENT ON COLUMN "ANLYT"."OP_EVENTO"."BONO_SERIAL" IS 'numero serial del bono (S/N)
';
   COMMENT ON COLUMN "ANLYT"."OP_EVENTO"."BONO_ESPECIE_COD" IS 'codigo que identifica al comercio-emisor del bono
';
   COMMENT ON COLUMN "ANLYT"."OP_EVENTO"."BONO_EMISOR_COD" IS 'dato del bono que identifica la especie bajo la que fue emitida
';
   COMMENT ON COLUMN "ANLYT"."OP_EVENTO"."BONO_ESPECIE_VER" IS 'dato del bono que identifica la version de especie bajo la que fue emitida
';
   COMMENT ON COLUMN "ANLYT"."OP_EVENTO"."BONO_ESTADO" IS 'dominio: CREADO,ALMACENADO,DISPONIBLE,ACTIVO,REDIMIDO,VENCIDO,ANULADO
';
   COMMENT ON COLUMN "ANLYT"."OP_EVENTO"."BONO_VALOR" IS 'valor del bono 
';
   COMMENT ON COLUMN "ANLYT"."OP_EVENTO"."BONO_DENOMINACION" IS 'identifica la denominacion del bono 
';
   COMMENT ON COLUMN "ANLYT"."OP_EVENTO"."BONO_FECHA_VENCIMIENTO" IS 'fecha en la cual se vence el bono
';
   COMMENT ON COLUMN "ANLYT"."OP_EVENTO"."ID_EVENTORAW" IS 'llave artificial';
--------------------------------------------------------
--  DDL for Table OP_EVENTO_RAW
--------------------------------------------------------

  CREATE TABLE "ANLYT"."OP_EVENTO_RAW" 
   (	"EVENTO_ID" NUMBER(16,0), 
	"EVENTO_TIPO" VARCHAR2(10 BYTE), 
	"EVENTO_FECHA" DATE, 
	"EVENTO_DIRECCION_IP" VARCHAR2(20 BYTE), 
	"EVENTO_CANAL" VARCHAR2(20 BYTE), 
	"EVENTO_RESP_NROCONFIRMACION" NUMBER(16,0), 
	"EVENTO_RESP_COD" VARCHAR2(20 BYTE), 
	"EVENTO_RESP_DESCRIPCION" VARCHAR2(256 BYTE), 
	"COMERCIO_COD" VARCHAR2(20 BYTE), 
	"CAJA_ID" VARCHAR2(20 BYTE), 
	"TX_ORIGEN_CUENTA" VARCHAR2(20 BYTE), 
	"TX_DESTINO_CUENTA" VARCHAR2(20 BYTE), 
	"CAJERO_ID" VARCHAR2(20 BYTE), 
	"BONO_SERIAL" VARCHAR2(20 BYTE), 
	"BONO_ESPECIE_COD" VARCHAR2(20 BYTE), 
	"BONO_EMISOR_COD" VARCHAR2(20 BYTE), 
	"BONO_ESPECIE_VER" VARCHAR2(20 BYTE), 
	"BONO_ESTADO" VARCHAR2(20 BYTE), 
	"BONO_VALOR" NUMBER(16,2), 
	"BONO_DENOMINACION" VARCHAR2(256 BYTE), 
	"BONO_FECHA_VENCIMIENTO" DATE, 
	"ID_EVENTORAW" NUMBER(16,0)
   ) SEGMENT CREATION IMMEDIATE 
  PCTFREE 10 PCTUSED 40 INITRANS 1 MAXTRANS 255 NOCOMPRESS LOGGING
  STORAGE(INITIAL 65536 NEXT 1048576 MINEXTENTS 1 MAXEXTENTS 2147483645
  PCTINCREASE 0 FREELISTS 1 FREELIST GROUPS 1 BUFFER_POOL DEFAULT FLASH_CACHE DEFAULT CELL_FLASH_CACHE DEFAULT)
  TABLESPACE "USERS" ;

   COMMENT ON COLUMN "ANLYT"."OP_EVENTO_RAW"."EVENTO_ID" IS 'viene desde el evento raw (del broker), pero se maneja aparte una llave artificial para evitar duplicidad';
   COMMENT ON COLUMN "ANLYT"."OP_EVENTO_RAW"."EVENTO_TIPO" IS '"E1:EmisionCompletada,E2:TransferenciaAgregadorRealizada,E3:TransferenciaEmpresarioRealizada,E4:RedencionRealizada"';
   COMMENT ON COLUMN "ANLYT"."OP_EVENTO_RAW"."EVENTO_FECHA" IS 'fecha en la cual se ejecutó el evento en la plataforma (la boveda)
';
   COMMENT ON COLUMN "ANLYT"."OP_EVENTO_RAW"."EVENTO_DIRECCION_IP" IS 'direccion ip de la maquina donde se hace la redencion
';
   COMMENT ON COLUMN "ANLYT"."OP_EVENTO_RAW"."EVENTO_CANAL" IS 'canal a traves del cual se solicitó la ejecución del evento dominio: DATAFONO, APPMOVIL, APPWEB,PLATAFORMA_GOFIVE,PORTAL
';
   COMMENT ON COLUMN "ANLYT"."OP_EVENTO_RAW"."EVENTO_RESP_NROCONFIRMACION" IS 'numero de confirmacion de la transaccion efectuada y confirmada
';
   COMMENT ON COLUMN "ANLYT"."OP_EVENTO_RAW"."EVENTO_RESP_COD" IS 'codigo de respuesta enviada por la boveda
';
   COMMENT ON COLUMN "ANLYT"."OP_EVENTO_RAW"."EVENTO_RESP_DESCRIPCION" IS 'mensaje de feedback enviado por la boveda
';
   COMMENT ON COLUMN "ANLYT"."OP_EVENTO_RAW"."COMERCIO_COD" IS 'codigo que identifica univocamente al comercio que redime
';
   COMMENT ON COLUMN "ANLYT"."OP_EVENTO_RAW"."CAJA_ID" IS 'caja donde se redime
';
   COMMENT ON COLUMN "ANLYT"."OP_EVENTO_RAW"."TX_ORIGEN_CUENTA" IS 'cuenta origen de la transaccion (redencion: de la persona que redime)
';
   COMMENT ON COLUMN "ANLYT"."OP_EVENTO_RAW"."TX_DESTINO_CUENTA" IS 'codigo que identifica a la cuenta destino de la transaccion (redención: del comercio donde se redime)
';
   COMMENT ON COLUMN "ANLYT"."OP_EVENTO_RAW"."CAJERO_ID" IS 'codigo que identifica el cajero donde se redime
';
   COMMENT ON COLUMN "ANLYT"."OP_EVENTO_RAW"."BONO_SERIAL" IS 'numero serial del bono (S/N)
';
   COMMENT ON COLUMN "ANLYT"."OP_EVENTO_RAW"."BONO_ESPECIE_COD" IS 'codigo que identifica al comercio-emisor del bono
';
   COMMENT ON COLUMN "ANLYT"."OP_EVENTO_RAW"."BONO_EMISOR_COD" IS 'dato del bono que identifica la especie bajo la que fue emitida
';
   COMMENT ON COLUMN "ANLYT"."OP_EVENTO_RAW"."BONO_ESPECIE_VER" IS 'dato del bono que identifica la version de especie bajo la que fue emitida
';
   COMMENT ON COLUMN "ANLYT"."OP_EVENTO_RAW"."BONO_ESTADO" IS 'dominio: CREADO,ALMACENADO,DISPONIBLE,ACTIVO,REDIMIDO,VENCIDO,ANULADO
';
   COMMENT ON COLUMN "ANLYT"."OP_EVENTO_RAW"."BONO_VALOR" IS 'valor del bono 
';
   COMMENT ON COLUMN "ANLYT"."OP_EVENTO_RAW"."BONO_DENOMINACION" IS 'identifica la denominacion del bono 
';
   COMMENT ON COLUMN "ANLYT"."OP_EVENTO_RAW"."BONO_FECHA_VENCIMIENTO" IS 'fecha en la cual se vence el bono
';
   COMMENT ON COLUMN "ANLYT"."OP_EVENTO_RAW"."ID_EVENTORAW" IS 'llave artificial';
--------------------------------------------------------
--  DDL for Table OP_REDENCION_CAJA
--------------------------------------------------------

  CREATE TABLE "ANLYT"."OP_REDENCION_CAJA" 
   (	"CAJA_COD" VARCHAR2(20 BYTE), 
	"ID_SUCURSAL" NUMBER(9,0), 
	"ID_CAJA" NUMBER(9,0)
   ) SEGMENT CREATION IMMEDIATE 
  PCTFREE 10 PCTUSED 40 INITRANS 1 MAXTRANS 255 NOCOMPRESS LOGGING
  STORAGE(INITIAL 65536 NEXT 1048576 MINEXTENTS 1 MAXEXTENTS 2147483645
  PCTINCREASE 0 FREELISTS 1 FREELIST GROUPS 1 BUFFER_POOL DEFAULT FLASH_CACHE DEFAULT CELL_FLASH_CACHE DEFAULT)
  TABLESPACE "USERS" ;

   COMMENT ON COLUMN "ANLYT"."OP_REDENCION_CAJA"."CAJA_COD" IS 'codigo de la caja donde se redime';
   COMMENT ON COLUMN "ANLYT"."OP_REDENCION_CAJA"."ID_SUCURSAL" IS 'identificador unico de la sucursal';
   COMMENT ON COLUMN "ANLYT"."OP_REDENCION_CAJA"."ID_CAJA" IS 'identificador unico del registro';
--------------------------------------------------------
--  DDL for Table OP_REDENCION_CAJERO
--------------------------------------------------------

  CREATE TABLE "ANLYT"."OP_REDENCION_CAJERO" 
   (	"CAJERO_COD" VARCHAR2(20 BYTE), 
	"NOMBRES_CAJERO" VARCHAR2(50 BYTE), 
	"PRIMER_APELLIDO_CAJERO" VARCHAR2(30 BYTE), 
	"SEGUNDO_APELLIDO_CAJERO" VARCHAR2(30 BYTE), 
	"ID_SUCURSAL" NUMBER(9,0), 
	"ID_CAJERO" NUMBER(9,0)
   ) SEGMENT CREATION IMMEDIATE 
  PCTFREE 10 PCTUSED 40 INITRANS 1 MAXTRANS 255 NOCOMPRESS LOGGING
  STORAGE(INITIAL 65536 NEXT 1048576 MINEXTENTS 1 MAXEXTENTS 2147483645
  PCTINCREASE 0 FREELISTS 1 FREELIST GROUPS 1 BUFFER_POOL DEFAULT FLASH_CACHE DEFAULT CELL_FLASH_CACHE DEFAULT)
  TABLESPACE "USERS" ;
--------------------------------------------------------
--  DDL for Table OP_REDENCION_CUENTA
--------------------------------------------------------

  CREATE TABLE "ANLYT"."OP_REDENCION_CUENTA" 
   (	"ID_CUENTA_COD" VARCHAR2(20 BYTE), 
	"ID_CATEGORIA_EDAD" NUMBER(3,0), 
	"ID_SEGMENTO" NUMBER(3,0)
   ) SEGMENT CREATION IMMEDIATE 
  PCTFREE 10 PCTUSED 40 INITRANS 1 MAXTRANS 255 NOCOMPRESS LOGGING
  STORAGE(INITIAL 65536 NEXT 1048576 MINEXTENTS 1 MAXEXTENTS 2147483645
  PCTINCREASE 0 FREELISTS 1 FREELIST GROUPS 1 BUFFER_POOL DEFAULT FLASH_CACHE DEFAULT CELL_FLASH_CACHE DEFAULT)
  TABLESPACE "USERS" ;
--------------------------------------------------------
--  DDL for Table OP_SEGMENTO
--------------------------------------------------------

  CREATE TABLE "ANLYT"."OP_SEGMENTO" 
   (	"ID_SEGMENTO" NUMBER(3,0), 
	"DESC_SEGMENTO" VARCHAR2(50 BYTE)
   ) SEGMENT CREATION IMMEDIATE 
  PCTFREE 10 PCTUSED 40 INITRANS 1 MAXTRANS 255 NOCOMPRESS LOGGING
  STORAGE(INITIAL 65536 NEXT 1048576 MINEXTENTS 1 MAXEXTENTS 2147483645
  PCTINCREASE 0 FREELISTS 1 FREELIST GROUPS 1 BUFFER_POOL DEFAULT FLASH_CACHE DEFAULT CELL_FLASH_CACHE DEFAULT)
  TABLESPACE "USERS" ;
--------------------------------------------------------
--  DDL for Table OP_SUCURSAL
--------------------------------------------------------

  CREATE TABLE "ANLYT"."OP_SUCURSAL" 
   (	"SUCURSAL_COD" VARCHAR2(20 BYTE), 
	"RAZON_SOCIAL" VARCHAR2(200 BYTE), 
	"LATITUD" NUMBER(9,6), 
	"LONGITUD" NUMBER(9,6), 
	"ID_CIUDAD" NUMBER(4,0), 
	"ID_EMPRESA" NUMBER(9,0), 
	"ID_SUCURSAL" NUMBER(9,0)
   ) SEGMENT CREATION IMMEDIATE 
  PCTFREE 10 PCTUSED 40 INITRANS 1 MAXTRANS 255 NOCOMPRESS LOGGING
  STORAGE(INITIAL 65536 NEXT 1048576 MINEXTENTS 1 MAXEXTENTS 2147483645
  PCTINCREASE 0 FREELISTS 1 FREELIST GROUPS 1 BUFFER_POOL DEFAULT FLASH_CACHE DEFAULT CELL_FLASH_CACHE DEFAULT)
  TABLESPACE "USERS" ;
--------------------------------------------------------
--  DDL for View V_OP_CUENTA
--------------------------------------------------------

  CREATE OR REPLACE FORCE VIEW "ANLYT"."V_OP_CUENTA" ("ID_CUENTA_COD", "CTA_ID_CATEGORIA_EDAD", "ID_SEGMENTO", "ID_CATEGORIA_EDAD", "EDAD_INICIAL", "EDAD_FINAL", "DESC_CATEGORIA_EDAD") AS 
  SELECT 
  OP_REDENCION_CUENTA.ID_CUENTA_COD,
  OP_REDENCION_CUENTA.ID_CATEGORIA_EDAD CTA_ID_CATEGORIA_EDAD,
  OP_REDENCION_CUENTA.ID_SEGMENTO,
  OP_CATEGORIA_EDAD.ID_CATEGORIA_EDAD,
  OP_CATEGORIA_EDAD.EDAD_INICIAL,
  OP_CATEGORIA_EDAD.EDAD_FINAL,
  OP_CATEGORIA_EDAD.DESC_CATEGORIA_EDAD
FROM OP_REDENCION_CUENTA
LEFT JOIN OP_CATEGORIA_EDAD ON OP_REDENCION_CUENTA.ID_CATEGORIA_EDAD = OP_CATEGORIA_EDAD.ID_CATEGORIA_EDAD
LEFT JOIN OP_SEGMENTO ON OP_REDENCION_CUENTA.ID_SEGMENTO = OP_SEGMENTO.ID_SEGMENTO;
--------------------------------------------------------
--  DDL for View V_OP_EVENTO
--------------------------------------------------------

  CREATE OR REPLACE FORCE VIEW "ANLYT"."V_OP_EVENTO" ("EVENTO_COD", "EVENTO_TIPO", "EVENTO_FECHA", "EVENTO_FECHA_YEAR", "EVENTO_FECHA_MONTH", "EVENTO_FECHA_DAY", "EVENTO_DIRECCION_IP", "EVENTO_CANAL", "EVENTO_RESP_NROCONFIRMACION", "EVENTO_RESP_COD", "EVENTO_RESP_DESCRIPCION", "ID_CAJA", "TX_ORIGEN_CUENTA", "TX_DESTINO_CUENTA", "ID_CAJERO", "BONO_SERIAL", "BONO_ESPECIE_COD", "BONO_EMISOR_COD", "BONO_ESPECIE_VER", "BONO_ESTADO", "BONO_VALOR", "BONO_DENOMINACION", "BONO_FECHA_VENCIMIENTO", "ID_EVENTORAW") AS 
  SELECT EVENTO_COD,
  EVENTO_TIPO,
  EVENTO_FECHA,
  extract(year  from EVENTO_FECHA) EVENTO_FECHA_YEAR,
  extract(month from EVENTO_FECHA) EVENTO_FECHA_MONTH,
  extract(day   from EVENTO_FECHA) EVENTO_FECHA_DAY,
  -- extract(hour from cast(EVENTO_FECHA as timestamp)) EVENTO_FECHA_HOUR,
  -- extract(minute from cast(EVENTO_FECHA as timestamp)) EVENTO_FECHA_MINUTE,
  EVENTO_DIRECCION_IP,
  EVENTO_CANAL,
  EVENTO_RESP_NROCONFIRMACION,
  EVENTO_RESP_COD,
  EVENTO_RESP_DESCRIPCION,
  ID_CAJA,
  TX_ORIGEN_CUENTA,
  TX_DESTINO_CUENTA,
  ID_CAJERO,
  BONO_SERIAL,
  BONO_ESPECIE_COD,
  BONO_EMISOR_COD,
  BONO_ESPECIE_VER,
  BONO_ESTADO,
  BONO_VALOR,
  BONO_DENOMINACION,
  BONO_FECHA_VENCIMIENTO,
  ID_EVENTORAW
FROM OP_EVENTO;
--------------------------------------------------------
--  DDL for View V_OP_POS
--------------------------------------------------------

  CREATE OR REPLACE FORCE VIEW "ANLYT"."V_OP_POS" ("CAJA_COD", "CAJA_ID_SUCURSAL", "ID_CAJA", "SUCURSAL_COD", "SUC_RAZON_SOCIAL", "SUC_LATITUD", "SUC_LONGITUD", "SUC_ID_CIUDAD", "SUC_ID_EMPRESA", "ID_SUCURSAL", "ID_CIUDAD", "PAIS_NOMBRE", "DEPARTAMENTO_COD", "DEPARTAMENTO_NOMBRE", "MUNICIPIO_COD", "MUNICIPIO_NOMBRE", "CIUD_LATITUD", "CIUD_LONGITUD", "ID_EMPRESA", "NIT", "EMP_RAZON_SOCIAL") AS 
  SELECT OP_REDENCION_CAJA.CAJA_COD, 
       OP_REDENCION_CAJA.ID_SUCURSAL CAJA_ID_SUCURSAL, 
       OP_REDENCION_CAJA.ID_CAJA,
       OP_SUCURSAL.SUCURSAL_COD,
       OP_SUCURSAL.RAZON_SOCIAL SUC_RAZON_SOCIAL,
       OP_SUCURSAL.LATITUD SUC_LATITUD,
       OP_SUCURSAL.LONGITUD SUC_LONGITUD,
       OP_SUCURSAL.ID_CIUDAD SUC_ID_CIUDAD,
       OP_SUCURSAL.ID_EMPRESA SUC_ID_EMPRESA,
       OP_SUCURSAL.ID_SUCURSAL,
       OP_CIUDAD.ID_CIUDAD,
       OP_CIUDAD.PAIS_NOMBRE,
       OP_CIUDAD.DEPARTAMENTO_COD,
       OP_CIUDAD.DEPARTAMENTO_NOMBRE,
       OP_CIUDAD.MUNICIPIO_COD,
       OP_CIUDAD.MUNICIPIO_NOMBRE,
       OP_CIUDAD.LATITUD  CIUD_LATITUD,
       OP_CIUDAD.LONGITUD CIUD_LONGITUD,
       OP_EMPRESA.ID_EMPRESA, 
       OP_EMPRESA.NIT, 
       OP_EMPRESA.RAZON_SOCIAL EMP_RAZON_SOCIAL
  FROM OP_REDENCION_CAJA,
       OP_SUCURSAL,
       OP_CIUDAD,
       OP_EMPRESA
 WHERE OP_REDENCION_CAJA.ID_SUCURSAL = OP_SUCURSAL.ID_SUCURSAL
   AND OP_SUCURSAL.ID_CIUDAD = OP_CIUDAD.ID_CIUDAD 
   AND OP_EMPRESA.ID_EMPRESA = OP_SUCURSAL.ID_EMPRESA;
--------------------------------------------------------
--  DDL for View VX_CATEGORIA_EDAD
--------------------------------------------------------

  CREATE OR REPLACE FORCE VIEW "ANLYT"."VX_CATEGORIA_EDAD" ("ID_CATEGORIA_EDAD", "EDAD_INICIAL", "EDAD_FINAL", "DESC_CATEGORIA_EDAD") AS 
  select "ID_CATEGORIA_EDAD","EDAD_INICIAL","EDAD_FINAL","DESC_CATEGORIA_EDAD"
  from op_categoria_edad;
--------------------------------------------------------
--  DDL for View VXD_PERFILUSUARIO
--------------------------------------------------------

  CREATE OR REPLACE FORCE VIEW "ANLYT"."VXD_PERFILUSUARIO" ("ID_CUENTA_COD", "CTA_ID_CATEGORIA_EDAD", "ID_SEGMENTO", "ID_CATEGORIA_EDAD", "EDAD_INICIAL", "EDAD_FINAL", "DESC_CATEGORIA_EDAD") AS 
  SELECT 
  OP_REDENCION_CUENTA.ID_CUENTA_COD,
  OP_REDENCION_CUENTA.ID_CATEGORIA_EDAD CTA_ID_CATEGORIA_EDAD,
  OP_REDENCION_CUENTA.ID_SEGMENTO,
  OP_CATEGORIA_EDAD.ID_CATEGORIA_EDAD,
  OP_CATEGORIA_EDAD.EDAD_INICIAL,
  OP_CATEGORIA_EDAD.EDAD_FINAL,
  OP_CATEGORIA_EDAD.DESC_CATEGORIA_EDAD
FROM VX_REDENCION_CUENTA OP_REDENCION_CUENTA
LEFT JOIN vx_CATEGORIA_EDAD OP_CATEGORIA_EDAD ON OP_REDENCION_CUENTA.ID_CATEGORIA_EDAD = OP_CATEGORIA_EDAD.ID_CATEGORIA_EDAD
LEFT JOIN vx_SEGMENTO OP_SEGMENTO ON OP_REDENCION_CUENTA.ID_SEGMENTO = OP_SEGMENTO.ID_SEGMENTO;
--------------------------------------------------------
--  DDL for View VXD_POS
--------------------------------------------------------

  CREATE OR REPLACE FORCE VIEW "ANLYT"."VXD_POS" ("CAJA_COD", "CAJA_ID_SUCURSAL", "ID_CAJA", "SUCURSAL_COD", "SUC_RAZON_SOCIAL", "SUC_LATITUD", "SUC_LONGITUD", "SUC_ID_CIUDAD", "SUC_ID_EMPRESA", "ID_SUCURSAL", "ID_CIUDAD", "PAIS_NOMBRE", "DEPARTAMENTO_COD", "DEPARTAMENTO_NOMBRE", "MUNICIPIO_COD", "MUNICIPIO_NOMBRE", "CIUD_LATITUD", "CIUD_LONGITUD", "ID_EMPRESA", "NIT", "EMP_RAZON_SOCIAL") AS 
  SELECT OP_REDENCION_CAJA.CAJA_COD, 
       OP_REDENCION_CAJA.ID_SUCURSAL CAJA_ID_SUCURSAL, 
       OP_REDENCION_CAJA.ID_CAJA,
       OP_SUCURSAL.SUCURSAL_COD,
       OP_SUCURSAL.RAZON_SOCIAL SUC_RAZON_SOCIAL,
       OP_SUCURSAL.LATITUD SUC_LATITUD,
       OP_SUCURSAL.LONGITUD SUC_LONGITUD,
       OP_SUCURSAL.ID_CIUDAD SUC_ID_CIUDAD,
       OP_SUCURSAL.ID_EMPRESA SUC_ID_EMPRESA,
       OP_SUCURSAL.ID_SUCURSAL,
       null ID_CIUDAD,
       null PAIS_NOMBRE,
       null DEPARTAMENTO_COD,
       null DEPARTAMENTO_NOMBRE,
       null MUNICIPIO_COD,
       null MUNICIPIO_NOMBRE,
       null  CIUD_LATITUD,
       null CIUD_LONGITUD,
       OP_EMPRESA.ID_EMPRESA, 
       OP_EMPRESA.NIT, 
       OP_EMPRESA.RAZON_SOCIAL EMP_RAZON_SOCIAL
  FROM vx_redencion_caja OP_REDENCION_CAJA,
       vx_sucursal  OP_SUCURSAL,
       vx_empresa OP_EMPRESA
 WHERE OP_REDENCION_CAJA.ID_SUCURSAL = OP_SUCURSAL.ID_SUCURSAL
   AND OP_EMPRESA.ID_EMPRESA = OP_SUCURSAL.ID_EMPRESA;
--------------------------------------------------------
--  DDL for View VX_EMPRESA
--------------------------------------------------------

  CREATE OR REPLACE FORCE VIEW "ANLYT"."VX_EMPRESA" ("ID_EMPRESA", "NIT", "RAZON_SOCIAL") AS 
  select CMT_GRUPO_COMERCIO.ID_GRUPO_COMERCIO id_empresa,
       CRT_PERSONA.NUMERO_IDENTIFICACION nit, 
       CMT_GRUPO_COMERCIO.nombre razon_social
  from CMT_GRUPO_COMERCIO
  left join CRT_PERSONA 
    on CMT_GRUPO_COMERCIO.ID_PERSONA = CRT_PERSONA.ID_PERSONA;
--------------------------------------------------------
--  DDL for View VXF_EVENTO
--------------------------------------------------------

  CREATE OR REPLACE FORCE VIEW "ANLYT"."VXF_EVENTO" ("EVENTO_COD", "EVENTO_TIPO", "EVENTO_FECHA", "EVENTO_FECHA_YEAR", "EVENTO_FECHA_MONTH", "EVENTO_FECHA_DAY", "EVENTO_DIRECCION_IP", "EVENTO_CANAL", "EVENTO_RESP_NROCONFIRMACION", "EVENTO_RESP_COD", "EVENTO_RESP_DESCRIPCION", "ID_CAJA", "TX_ORIGEN_CUENTA", "TX_DESTINO_CUENTA", "ID_CAJERO", "BONO_SERIAL", "BONO_ESPECIE_COD", "BONO_EMISOR_COD", "BONO_ESPECIE_VER", "BONO_ESTADO", "BONO_VALOR", "BONO_DENOMINACION", "BONO_FECHA_VENCIMIENTO", "ID_EVENTORAW") AS 
  SELECT EVENTO_COD,
  EVENTO_TIPO,
  EVENTO_FECHA,
  extract(year  from EVENTO_FECHA) EVENTO_FECHA_YEAR,
  extract(month from EVENTO_FECHA) EVENTO_FECHA_MONTH,
  extract(day   from EVENTO_FECHA) EVENTO_FECHA_DAY,
  -- extract(hour from cast(EVENTO_FECHA as timestamp)) EVENTO_FECHA_HOUR,
  -- extract(minute from cast(EVENTO_FECHA as timestamp)) EVENTO_FECHA_MINUTE,
  EVENTO_DIRECCION_IP,
  EVENTO_CANAL,
  EVENTO_RESP_NROCONFIRMACION,
  EVENTO_RESP_COD,
  EVENTO_RESP_DESCRIPCION,
  ID_CAJA,
  TX_ORIGEN_CUENTA,
  TX_DESTINO_CUENTA,
  ID_CAJERO,
  BONO_SERIAL,
  BONO_ESPECIE_COD,
  BONO_EMISOR_COD,
  BONO_ESPECIE_VER,
  BONO_ESTADO,
  BONO_VALOR,
  BONO_DENOMINACION,
  BONO_FECHA_VENCIMIENTO,
  ID_EVENTORAW
FROM OP_EVENTO;
--------------------------------------------------------
--  DDL for View VX_REDENCION_CAJA
--------------------------------------------------------

  CREATE OR REPLACE FORCE VIEW "ANLYT"."VX_REDENCION_CAJA" ("CAJA_COD", "ID_SUCURSAL", "ID_CAJA") AS 
  select cmt_comercio.nombre             caja_cod,
       cmt_comercio.id_establecimiento id_sucursal,
       cmt_comercio.id_comercio        id_caja
  from cmt_comercio;
--------------------------------------------------------
--  DDL for View VX_REDENCION_CAJERO
--------------------------------------------------------

  CREATE OR REPLACE FORCE VIEW "ANLYT"."VX_REDENCION_CAJERO" ("CAJERO_COD", "NOMBRES_CAJERO", "PRIMER_APELLIDO_CAJERO", "SEGUNDO_APELLIDO_CAJERO", "ID_SUCURSAL", "ID_CAJERO") AS 
  select  id_cajero CAJERO_COD,
        CRT_PERSONA.nombres NOMBRES_CAJERO,
        CRT_PERSONA.apellidos PRIMER_APELLIDO_CAJERO,
        null SEGUNDO_APELLIDO_CAJERO,
        CMT_COMERCIO.id_establecimiento ID_SUCURSAL,
        id_cajero ID_CAJERO
  from CMT_CAJERO
  left join CMT_COMERCIO on CMT_CAJERO.id_comercio = CMT_COMERCIO.id_comercio
  left join AUT_USUARIO on CMT_CAJERO.id_usuario = AUT_USUARIO.id_usuario
  left join CRT_PERSONA on CRT_PERSONA.id_persona = AUT_USUARIO.id_persona;
--------------------------------------------------------
--  DDL for View VX_REDENCION_CUENTA
--------------------------------------------------------

  CREATE OR REPLACE FORCE VIEW "ANLYT"."VX_REDENCION_CUENTA" ("ID_CUENTA_COD", "ID_CATEGORIA_EDAD", "ID_SEGMENTO") AS 
  SELECT CRT_CUENTA.id_cuenta ID_CUENTA_COD,
       op_categoria_edad.ID_CATEGORIA_EDAD,
       --trunc(months_between(SysDate, CRT_PERSONA.fecha_nacimiento)/12) edad,
       null ID_SEGMENTO
 FROM CRT_CUENTA 
 left join CRT_PERSONA on CRT_CUENTA.id_persona = CRT_PERSONA.id_persona
 left join op_categoria_edad 
   on trunc(months_between(SysDate, CRT_PERSONA.fecha_nacimiento)/12) between op_categoria_edad.edad_inicial and op_categoria_edad.edad_final;
--------------------------------------------------------
--  DDL for View VX_SEGMENTO
--------------------------------------------------------

  CREATE OR REPLACE FORCE VIEW "ANLYT"."VX_SEGMENTO" ("ID_SEGMENTO", "DESC_SEGMENTO") AS 
  select "ID_SEGMENTO","DESC_SEGMENTO"
  from op_segmento;
--------------------------------------------------------
--  DDL for View VX_SUCURSAL
--------------------------------------------------------

  CREATE OR REPLACE FORCE VIEW "ANLYT"."VX_SUCURSAL" ("SUCURSAL_COD", "RAZON_SOCIAL", "LATITUD", "LONGITUD", "ID_CIUDAD", "ID_EMPRESA", "ID_SUCURSAL") AS 
  select CMT_ESTABLECIMIENTO.ID_ESTABLECIMIENTO sucursal_cod,
       CMT_ESTABLECIMIENTO.nombre razon_social,
       GET_UBICACION.latitud,
       GET_UBICACION.longitud,
       null id_ciudad,
       CMT_ESTABLECIMIENTO.id_grupo_comercio id_empresa,
       CMT_ESTABLECIMIENTO.ID_ESTABLECIMIENTO id_sucursal
  from CMT_ESTABLECIMIENTO 
  left join GET_UBICACION on CMT_ESTABLECIMIENTO.id_ubicacion = GET_UBICACION.ID_UBICACION;
REM INSERTING into ANLYT.OP_CATEGORIA_EDAD
SET DEFINE OFF;
Insert into ANLYT.OP_CATEGORIA_EDAD (ID_CATEGORIA_EDAD,EDAD_INICIAL,EDAD_FINAL,DESC_CATEGORIA_EDAD) values ('1','20','29','20-29');
Insert into ANLYT.OP_CATEGORIA_EDAD (ID_CATEGORIA_EDAD,EDAD_INICIAL,EDAD_FINAL,DESC_CATEGORIA_EDAD) values ('2','30','39','30-39');
Insert into ANLYT.OP_CATEGORIA_EDAD (ID_CATEGORIA_EDAD,EDAD_INICIAL,EDAD_FINAL,DESC_CATEGORIA_EDAD) values ('3','40','49','40-49');
Insert into ANLYT.OP_CATEGORIA_EDAD (ID_CATEGORIA_EDAD,EDAD_INICIAL,EDAD_FINAL,DESC_CATEGORIA_EDAD) values ('4','50','59','50-59');
Insert into ANLYT.OP_CATEGORIA_EDAD (ID_CATEGORIA_EDAD,EDAD_INICIAL,EDAD_FINAL,DESC_CATEGORIA_EDAD) values ('5','60','69','60-69');
Insert into ANLYT.OP_CATEGORIA_EDAD (ID_CATEGORIA_EDAD,EDAD_INICIAL,EDAD_FINAL,DESC_CATEGORIA_EDAD) values ('6','70','99','70-99');
REM INSERTING into ANLYT.OP_CIUDAD
SET DEFINE OFF;
Insert into ANLYT.OP_CIUDAD (ID_CIUDAD,PAIS_NOMBRE,DEPARTAMENTO_COD,DEPARTAMENTO_NOMBRE,MUNICIPIO_COD,MUNICIPIO_NOMBRE,LATITUD,LONGITUD,DEPARTAMENTO_GEO_CODE) values ('1','COLOMBIA','05','ANTIOQUIA','001','MEDELLIN','6,244747','-75,574828','CO.AN');
Insert into ANLYT.OP_CIUDAD (ID_CIUDAD,PAIS_NOMBRE,DEPARTAMENTO_COD,DEPARTAMENTO_NOMBRE,MUNICIPIO_COD,MUNICIPIO_NOMBRE,LATITUD,LONGITUD,DEPARTAMENTO_GEO_CODE) values ('2','COLOMBIA','11','BOGOTA','001','BOGOTA D.C.','4,598889','-74,080833','CO.CU');
Insert into ANLYT.OP_CIUDAD (ID_CIUDAD,PAIS_NOMBRE,DEPARTAMENTO_COD,DEPARTAMENTO_NOMBRE,MUNICIPIO_COD,MUNICIPIO_NOMBRE,LATITUD,LONGITUD,DEPARTAMENTO_GEO_CODE) values ('3','COLOMBIA','13','BOLIVAR','001','CARTAGENA',null,null,'CO.BL');
Insert into ANLYT.OP_CIUDAD (ID_CIUDAD,PAIS_NOMBRE,DEPARTAMENTO_COD,DEPARTAMENTO_NOMBRE,MUNICIPIO_COD,MUNICIPIO_NOMBRE,LATITUD,LONGITUD,DEPARTAMENTO_GEO_CODE) values ('4','COLOMBIA','15','BOYACA','001','TUNJA',null,null,'CO.BY');
Insert into ANLYT.OP_CIUDAD (ID_CIUDAD,PAIS_NOMBRE,DEPARTAMENTO_COD,DEPARTAMENTO_NOMBRE,MUNICIPIO_COD,MUNICIPIO_NOMBRE,LATITUD,LONGITUD,DEPARTAMENTO_GEO_CODE) values ('5','COLOMBIA','25','CUNDINAMARCA','290','FUSAGASUGA',null,null,'CO.CU');
Insert into ANLYT.OP_CIUDAD (ID_CIUDAD,PAIS_NOMBRE,DEPARTAMENTO_COD,DEPARTAMENTO_NOMBRE,MUNICIPIO_COD,MUNICIPIO_NOMBRE,LATITUD,LONGITUD,DEPARTAMENTO_GEO_CODE) values ('6','COLOMBIA','52','NARIÑO','001','PASTO',null,null,'CO.NA');
Insert into ANLYT.OP_CIUDAD (ID_CIUDAD,PAIS_NOMBRE,DEPARTAMENTO_COD,DEPARTAMENTO_NOMBRE,MUNICIPIO_COD,MUNICIPIO_NOMBRE,LATITUD,LONGITUD,DEPARTAMENTO_GEO_CODE) values ('7','COLOMBIA','52','NARIÑO','356','IPIALES',null,null,'CCO.NA');
Insert into ANLYT.OP_CIUDAD (ID_CIUDAD,PAIS_NOMBRE,DEPARTAMENTO_COD,DEPARTAMENTO_NOMBRE,MUNICIPIO_COD,MUNICIPIO_NOMBRE,LATITUD,LONGITUD,DEPARTAMENTO_GEO_CODE) values ('8','COLOMBIA','54','N. DE SANTANDER','001','CUCUTA',null,null,'CO.NS');
Insert into ANLYT.OP_CIUDAD (ID_CIUDAD,PAIS_NOMBRE,DEPARTAMENTO_COD,DEPARTAMENTO_NOMBRE,MUNICIPIO_COD,MUNICIPIO_NOMBRE,LATITUD,LONGITUD,DEPARTAMENTO_GEO_CODE) values ('9','COLOMBIA','68','SANTANDER','669','SAN ANDRES',null,null,'CO.ST');
Insert into ANLYT.OP_CIUDAD (ID_CIUDAD,PAIS_NOMBRE,DEPARTAMENTO_COD,DEPARTAMENTO_NOMBRE,MUNICIPIO_COD,MUNICIPIO_NOMBRE,LATITUD,LONGITUD,DEPARTAMENTO_GEO_CODE) values ('10','COLOMBIA','76','VALLE DEL CAUCA','001','CALI',null,null,'CO.VC');
Insert into ANLYT.OP_CIUDAD (ID_CIUDAD,PAIS_NOMBRE,DEPARTAMENTO_COD,DEPARTAMENTO_NOMBRE,MUNICIPIO_COD,MUNICIPIO_NOMBRE,LATITUD,LONGITUD,DEPARTAMENTO_GEO_CODE) values ('11','COLOMBIA','88','SAN ANDRES','001','SAN ANDRES',null,null,'CO.SA');
REM INSERTING into ANLYT.OP_EMPRESA
SET DEFINE OFF;
Insert into ANLYT.OP_EMPRESA (ID_EMPRESA,NIT,RAZON_SOCIAL) values ('1','800123456','EL CORRAL');
Insert into ANLYT.OP_EMPRESA (ID_EMPRESA,NIT,RAZON_SOCIAL) values ('2','800456789','CARWASH');
Insert into ANLYT.OP_EMPRESA (ID_EMPRESA,NIT,RAZON_SOCIAL) values ('3','800789000','PETROBRAS');
Insert into ANLYT.OP_EMPRESA (ID_EMPRESA,NIT,RAZON_SOCIAL) values ('4','800000123','CINECOLOMBIA');
REM INSERTING into ANLYT.OP_EVENTO
SET DEFINE OFF;
Insert into ANLYT.OP_EVENTO (EVENTO_COD,EVENTO_TIPO,EVENTO_FECHA,EVENTO_DIRECCION_IP,EVENTO_CANAL,EVENTO_RESP_NROCONFIRMACION,EVENTO_RESP_COD,EVENTO_RESP_DESCRIPCION,ID_CAJA,TX_ORIGEN_CUENTA,TX_DESTINO_CUENTA,ID_CAJERO,BONO_SERIAL,BONO_ESPECIE_COD,BONO_EMISOR_COD,BONO_ESPECIE_VER,BONO_ESTADO,BONO_VALOR,BONO_DENOMINACION,BONO_FECHA_VENCIMIENTO,ID_EVENTORAW) values ('2344','E3',to_date('10/01/16','DD/MM/RR'),'127.0.0.1','APPMOVIL','130555','EVT_OK','OK','2','CUENTAORIGEN001','CUENTADESTINO','1','888','BONOS_20MIL','CORRAL_HAYUELOS','1.0','ACTIVO','20000','BONOS_20MIL',to_date('31/12/16','DD/MM/RR'),'4');
Insert into ANLYT.OP_EVENTO (EVENTO_COD,EVENTO_TIPO,EVENTO_FECHA,EVENTO_DIRECCION_IP,EVENTO_CANAL,EVENTO_RESP_NROCONFIRMACION,EVENTO_RESP_COD,EVENTO_RESP_DESCRIPCION,ID_CAJA,TX_ORIGEN_CUENTA,TX_DESTINO_CUENTA,ID_CAJERO,BONO_SERIAL,BONO_ESPECIE_COD,BONO_EMISOR_COD,BONO_ESPECIE_VER,BONO_ESTADO,BONO_VALOR,BONO_DENOMINACION,BONO_FECHA_VENCIMIENTO,ID_EVENTORAW) values ('9876','E2',to_date('01/01/16','DD/MM/RR'),'127.0.0.1','APPMOVIL','129789','EVT_OK','OK','3','CUENTAORIGEN001','CUENTADESTINO','1','888','BONOS_20MIL','CORRAL_HAYUELOS','1.0','ACTIVO','20000','BONOS_20MIL',to_date('31/12/16','DD/MM/RR'),'3');
Insert into ANLYT.OP_EVENTO (EVENTO_COD,EVENTO_TIPO,EVENTO_FECHA,EVENTO_DIRECCION_IP,EVENTO_CANAL,EVENTO_RESP_NROCONFIRMACION,EVENTO_RESP_COD,EVENTO_RESP_DESCRIPCION,ID_CAJA,TX_ORIGEN_CUENTA,TX_DESTINO_CUENTA,ID_CAJERO,BONO_SERIAL,BONO_ESPECIE_COD,BONO_EMISOR_COD,BONO_ESPECIE_VER,BONO_ESTADO,BONO_VALOR,BONO_DENOMINACION,BONO_FECHA_VENCIMIENTO,ID_EVENTORAW) values ('3476','E1',to_date('01/01/16','DD/MM/RR'),'127.0.0.10','DATAFONO','128967','EVT_OK','OK','1','CUENTAORIGEN001','CUENTADESTINO','1','888','BONOS_20MIL','CORRAL_HAYUELOS','1.0','ACTIVO','20000','BONOS_20MIL',to_date('31/12/16','DD/MM/RR'),'2');
Insert into ANLYT.OP_EVENTO (EVENTO_COD,EVENTO_TIPO,EVENTO_FECHA,EVENTO_DIRECCION_IP,EVENTO_CANAL,EVENTO_RESP_NROCONFIRMACION,EVENTO_RESP_COD,EVENTO_RESP_DESCRIPCION,ID_CAJA,TX_ORIGEN_CUENTA,TX_DESTINO_CUENTA,ID_CAJERO,BONO_SERIAL,BONO_ESPECIE_COD,BONO_EMISOR_COD,BONO_ESPECIE_VER,BONO_ESTADO,BONO_VALOR,BONO_DENOMINACION,BONO_FECHA_VENCIMIENTO,ID_EVENTORAW) values ('13428','E2',to_date('28/11/15','DD/MM/RR'),'127.0.0.10','APPWEB','128967','EVT_OK','OK','14','CUENTAORIGEN001','CUENTADESTINO','10','13332','BONOS_50MIL','PETROBRAS_TUNJA_SUR','1.0','ACTIVO','50000','BONOS_50MIL',to_date('31/12/16','DD/MM/RR'),'37');
Insert into ANLYT.OP_EVENTO (EVENTO_COD,EVENTO_TIPO,EVENTO_FECHA,EVENTO_DIRECCION_IP,EVENTO_CANAL,EVENTO_RESP_NROCONFIRMACION,EVENTO_RESP_COD,EVENTO_RESP_DESCRIPCION,ID_CAJA,TX_ORIGEN_CUENTA,TX_DESTINO_CUENTA,ID_CAJERO,BONO_SERIAL,BONO_ESPECIE_COD,BONO_EMISOR_COD,BONO_ESPECIE_VER,BONO_ESTADO,BONO_VALOR,BONO_DENOMINACION,BONO_FECHA_VENCIMIENTO,ID_EVENTORAW) values ('14682','E1',to_date('27/11/15','DD/MM/RR'),'127.0.0.10','APPWEB','503894','EVT_OK','OK','14','CUENTAORIGEN001','CUENTADESTINO','11','13332','BONOS_50MIL','PETROBRAS_TUNJA_SUR','1.0','ACTIVO','50000','BONOS_50MIL',to_date('31/12/16','DD/MM/RR'),'36');
Insert into ANLYT.OP_EVENTO (EVENTO_COD,EVENTO_TIPO,EVENTO_FECHA,EVENTO_DIRECCION_IP,EVENTO_CANAL,EVENTO_RESP_NROCONFIRMACION,EVENTO_RESP_COD,EVENTO_RESP_DESCRIPCION,ID_CAJA,TX_ORIGEN_CUENTA,TX_DESTINO_CUENTA,ID_CAJERO,BONO_SERIAL,BONO_ESPECIE_COD,BONO_EMISOR_COD,BONO_ESPECIE_VER,BONO_ESTADO,BONO_VALOR,BONO_DENOMINACION,BONO_FECHA_VENCIMIENTO,ID_EVENTORAW) values ('8952','E2',to_date('28/11/15','DD/MM/RR'),'127.0.0.10','APPWEB','128967','EVT_OK','OK','14','CUENTAORIGEN001','CUENTADESTINO','10','8888','BONOS_50MIL','PETROBRAS_TUNJA_SUR','1.0','ACTIVO','50000','BONOS_50MIL',to_date('31/12/16','DD/MM/RR'),'23');
Insert into ANLYT.OP_EVENTO (EVENTO_COD,EVENTO_TIPO,EVENTO_FECHA,EVENTO_DIRECCION_IP,EVENTO_CANAL,EVENTO_RESP_NROCONFIRMACION,EVENTO_RESP_COD,EVENTO_RESP_DESCRIPCION,ID_CAJA,TX_ORIGEN_CUENTA,TX_DESTINO_CUENTA,ID_CAJERO,BONO_SERIAL,BONO_ESPECIE_COD,BONO_EMISOR_COD,BONO_ESPECIE_VER,BONO_ESTADO,BONO_VALOR,BONO_DENOMINACION,BONO_FECHA_VENCIMIENTO,ID_EVENTORAW) values ('9788','E1',to_date('27/11/15','DD/MM/RR'),'127.0.0.10','APPWEB','503894','EVT_OK','OK','14','CUENTAORIGEN001','CUENTADESTINO','11','8888','BONOS_50MIL','PETROBRAS_TUNJA_SUR','1.0','ACTIVO','50000','BONOS_50MIL',to_date('31/12/16','DD/MM/RR'),'22');
Insert into ANLYT.OP_EVENTO (EVENTO_COD,EVENTO_TIPO,EVENTO_FECHA,EVENTO_DIRECCION_IP,EVENTO_CANAL,EVENTO_RESP_NROCONFIRMACION,EVENTO_RESP_COD,EVENTO_RESP_DESCRIPCION,ID_CAJA,TX_ORIGEN_CUENTA,TX_DESTINO_CUENTA,ID_CAJERO,BONO_SERIAL,BONO_ESPECIE_COD,BONO_EMISOR_COD,BONO_ESPECIE_VER,BONO_ESTADO,BONO_VALOR,BONO_DENOMINACION,BONO_FECHA_VENCIMIENTO,ID_EVENTORAW) values ('4476','E2',to_date('28/11/15','DD/MM/RR'),'127.0.0.10','APPWEB','128967','EVT_OK','OK','14','CUENTAORIGEN001','CUENTADESTINO','10','4444','BONOS_50MIL','PETROBRAS_TUNJA_SUR','1.0','ACTIVO','50000','BONOS_50MIL',to_date('31/12/16','DD/MM/RR'),'9');
Insert into ANLYT.OP_EVENTO (EVENTO_COD,EVENTO_TIPO,EVENTO_FECHA,EVENTO_DIRECCION_IP,EVENTO_CANAL,EVENTO_RESP_NROCONFIRMACION,EVENTO_RESP_COD,EVENTO_RESP_DESCRIPCION,ID_CAJA,TX_ORIGEN_CUENTA,TX_DESTINO_CUENTA,ID_CAJERO,BONO_SERIAL,BONO_ESPECIE_COD,BONO_EMISOR_COD,BONO_ESPECIE_VER,BONO_ESTADO,BONO_VALOR,BONO_DENOMINACION,BONO_FECHA_VENCIMIENTO,ID_EVENTORAW) values ('4894','E1',to_date('27/11/15','DD/MM/RR'),'127.0.0.10','APPWEB','503894','EVT_OK','OK','14','CUENTAORIGEN001','CUENTADESTINO','11','4444','BONOS_50MIL','PETROBRAS_TUNJA_SUR','1.0','ACTIVO','50000','BONOS_50MIL',to_date('31/12/16','DD/MM/RR'),'8');
Insert into ANLYT.OP_EVENTO (EVENTO_COD,EVENTO_TIPO,EVENTO_FECHA,EVENTO_DIRECCION_IP,EVENTO_CANAL,EVENTO_RESP_NROCONFIRMACION,EVENTO_RESP_COD,EVENTO_RESP_DESCRIPCION,ID_CAJA,TX_ORIGEN_CUENTA,TX_DESTINO_CUENTA,ID_CAJERO,BONO_SERIAL,BONO_ESPECIE_COD,BONO_EMISOR_COD,BONO_ESPECIE_VER,BONO_ESTADO,BONO_VALOR,BONO_DENOMINACION,BONO_FECHA_VENCIMIENTO,ID_EVENTORAW) values ('20682','E4',to_date('17/01/16','DD/MM/RR'),'127.0.0.10','APPWEB','130555','EVT_OK','OK','15','CUENTAORIGEN001','CUENTADESTINO','15','1998','BONOS_50MIL','PETROBRAS_FUSA1','1.0','ACTIVO','50000','BONOS_50MIL',to_date('31/12/16','DD/MM/RR'),'46');
Insert into ANLYT.OP_EVENTO (EVENTO_COD,EVENTO_TIPO,EVENTO_FECHA,EVENTO_DIRECCION_IP,EVENTO_CANAL,EVENTO_RESP_NROCONFIRMACION,EVENTO_RESP_COD,EVENTO_RESP_DESCRIPCION,ID_CAJA,TX_ORIGEN_CUENTA,TX_DESTINO_CUENTA,ID_CAJERO,BONO_SERIAL,BONO_ESPECIE_COD,BONO_EMISOR_COD,BONO_ESPECIE_VER,BONO_ESTADO,BONO_VALOR,BONO_DENOMINACION,BONO_FECHA_VENCIMIENTO,ID_EVENTORAW) values ('20682','E3',to_date('12/01/16','DD/MM/RR'),'127.0.0.10','APPWEB','129789','EVT_OK','OK','15','CUENTAORIGEN001','CUENTADESTINO','15','1998','BONOS_50MIL','PETROBRAS_FUSA1','1.0','ACTIVO','50000','BONOS_50MIL',to_date('31/12/16','DD/MM/RR'),'45');
Insert into ANLYT.OP_EVENTO (EVENTO_COD,EVENTO_TIPO,EVENTO_FECHA,EVENTO_DIRECCION_IP,EVENTO_CANAL,EVENTO_RESP_NROCONFIRMACION,EVENTO_RESP_COD,EVENTO_RESP_DESCRIPCION,ID_CAJA,TX_ORIGEN_CUENTA,TX_DESTINO_CUENTA,ID_CAJERO,BONO_SERIAL,BONO_ESPECIE_COD,BONO_EMISOR_COD,BONO_ESPECIE_VER,BONO_ESTADO,BONO_VALOR,BONO_DENOMINACION,BONO_FECHA_VENCIMIENTO,ID_EVENTORAW) values ('20682','E2',to_date('12/01/16','DD/MM/RR'),'127.0.0.10','APPWEB','128967','EVT_OK','OK','15','CUENTAORIGEN001','CUENTADESTINO','15','1998','BONOS_50MIL','PETROBRAS_FUSA1','1.0','ACTIVO','50000','BONOS_50MIL',to_date('31/12/16','DD/MM/RR'),'44');
Insert into ANLYT.OP_EVENTO (EVENTO_COD,EVENTO_TIPO,EVENTO_FECHA,EVENTO_DIRECCION_IP,EVENTO_CANAL,EVENTO_RESP_NROCONFIRMACION,EVENTO_RESP_COD,EVENTO_RESP_DESCRIPCION,ID_CAJA,TX_ORIGEN_CUENTA,TX_DESTINO_CUENTA,ID_CAJERO,BONO_SERIAL,BONO_ESPECIE_COD,BONO_EMISOR_COD,BONO_ESPECIE_VER,BONO_ESTADO,BONO_VALOR,BONO_DENOMINACION,BONO_FECHA_VENCIMIENTO,ID_EVENTORAW) values ('20682','E1',to_date('26/11/15','DD/MM/RR'),'127.0.0.10','APPWEB','503894','EVT_OK','OK','15','CUENTAORIGEN001','CUENTADESTINO','15','1998','BONOS_50MIL','PETROBRAS_FUSA1','1.0','ACTIVO','50000','BONOS_50MIL',to_date('31/12/16','DD/MM/RR'),'43');
Insert into ANLYT.OP_EVENTO (EVENTO_COD,EVENTO_TIPO,EVENTO_FECHA,EVENTO_DIRECCION_IP,EVENTO_CANAL,EVENTO_RESP_NROCONFIRMACION,EVENTO_RESP_COD,EVENTO_RESP_DESCRIPCION,ID_CAJA,TX_ORIGEN_CUENTA,TX_DESTINO_CUENTA,ID_CAJERO,BONO_SERIAL,BONO_ESPECIE_COD,BONO_EMISOR_COD,BONO_ESPECIE_VER,BONO_ESTADO,BONO_VALOR,BONO_DENOMINACION,BONO_FECHA_VENCIMIENTO,ID_EVENTORAW) values ('13788','E4',to_date('17/01/16','DD/MM/RR'),'127.0.0.10','APPWEB','130555','EVT_OK','OK','15','CUENTAORIGEN001','CUENTADESTINO','15','1332','BONOS_50MIL','PETROBRAS_FUSA1','1.0','ACTIVO','50000','BONOS_50MIL',to_date('31/12/16','DD/MM/RR'),'32');
Insert into ANLYT.OP_EVENTO (EVENTO_COD,EVENTO_TIPO,EVENTO_FECHA,EVENTO_DIRECCION_IP,EVENTO_CANAL,EVENTO_RESP_NROCONFIRMACION,EVENTO_RESP_COD,EVENTO_RESP_DESCRIPCION,ID_CAJA,TX_ORIGEN_CUENTA,TX_DESTINO_CUENTA,ID_CAJERO,BONO_SERIAL,BONO_ESPECIE_COD,BONO_EMISOR_COD,BONO_ESPECIE_VER,BONO_ESTADO,BONO_VALOR,BONO_DENOMINACION,BONO_FECHA_VENCIMIENTO,ID_EVENTORAW) values ('13788','E3',to_date('12/01/16','DD/MM/RR'),'127.0.0.10','APPWEB','129789','EVT_OK','OK','15','CUENTAORIGEN001','CUENTADESTINO','15','1332','BONOS_50MIL','PETROBRAS_FUSA1','1.0','ACTIVO','50000','BONOS_50MIL',to_date('31/12/16','DD/MM/RR'),'31');
Insert into ANLYT.OP_EVENTO (EVENTO_COD,EVENTO_TIPO,EVENTO_FECHA,EVENTO_DIRECCION_IP,EVENTO_CANAL,EVENTO_RESP_NROCONFIRMACION,EVENTO_RESP_COD,EVENTO_RESP_DESCRIPCION,ID_CAJA,TX_ORIGEN_CUENTA,TX_DESTINO_CUENTA,ID_CAJERO,BONO_SERIAL,BONO_ESPECIE_COD,BONO_EMISOR_COD,BONO_ESPECIE_VER,BONO_ESTADO,BONO_VALOR,BONO_DENOMINACION,BONO_FECHA_VENCIMIENTO,ID_EVENTORAW) values ('13788','E2',to_date('12/01/16','DD/MM/RR'),'127.0.0.10','APPWEB','128967','EVT_OK','OK','15','CUENTAORIGEN001','CUENTADESTINO','15','1332','BONOS_50MIL','PETROBRAS_FUSA1','1.0','ACTIVO','50000','BONOS_50MIL',to_date('31/12/16','DD/MM/RR'),'30');
Insert into ANLYT.OP_EVENTO (EVENTO_COD,EVENTO_TIPO,EVENTO_FECHA,EVENTO_DIRECCION_IP,EVENTO_CANAL,EVENTO_RESP_NROCONFIRMACION,EVENTO_RESP_COD,EVENTO_RESP_DESCRIPCION,ID_CAJA,TX_ORIGEN_CUENTA,TX_DESTINO_CUENTA,ID_CAJERO,BONO_SERIAL,BONO_ESPECIE_COD,BONO_EMISOR_COD,BONO_ESPECIE_VER,BONO_ESTADO,BONO_VALOR,BONO_DENOMINACION,BONO_FECHA_VENCIMIENTO,ID_EVENTORAW) values ('13788','E1',to_date('26/11/15','DD/MM/RR'),'127.0.0.10','APPWEB','503894','EVT_OK','OK','15','CUENTAORIGEN001','CUENTADESTINO','15','1332','BONOS_50MIL','PETROBRAS_FUSA1','1.0','ACTIVO','50000','BONOS_50MIL',to_date('31/12/16','DD/MM/RR'),'29');
Insert into ANLYT.OP_EVENTO (EVENTO_COD,EVENTO_TIPO,EVENTO_FECHA,EVENTO_DIRECCION_IP,EVENTO_CANAL,EVENTO_RESP_NROCONFIRMACION,EVENTO_RESP_COD,EVENTO_RESP_DESCRIPCION,ID_CAJA,TX_ORIGEN_CUENTA,TX_DESTINO_CUENTA,ID_CAJERO,BONO_SERIAL,BONO_ESPECIE_COD,BONO_EMISOR_COD,BONO_ESPECIE_VER,BONO_ESTADO,BONO_VALOR,BONO_DENOMINACION,BONO_FECHA_VENCIMIENTO,ID_EVENTORAW) values ('6894','E4',to_date('17/01/16','DD/MM/RR'),'127.0.0.10','APPWEB','130555','EVT_OK','OK','15','CUENTAORIGEN001','CUENTADESTINO','15','666','BONOS_50MIL','PETROBRAS_FUSA1','1.0','ACTIVO','50000','BONOS_50MIL',to_date('31/12/16','DD/MM/RR'),'18');
Insert into ANLYT.OP_EVENTO (EVENTO_COD,EVENTO_TIPO,EVENTO_FECHA,EVENTO_DIRECCION_IP,EVENTO_CANAL,EVENTO_RESP_NROCONFIRMACION,EVENTO_RESP_COD,EVENTO_RESP_DESCRIPCION,ID_CAJA,TX_ORIGEN_CUENTA,TX_DESTINO_CUENTA,ID_CAJERO,BONO_SERIAL,BONO_ESPECIE_COD,BONO_EMISOR_COD,BONO_ESPECIE_VER,BONO_ESTADO,BONO_VALOR,BONO_DENOMINACION,BONO_FECHA_VENCIMIENTO,ID_EVENTORAW) values ('6894','E3',to_date('12/01/16','DD/MM/RR'),'127.0.0.10','APPWEB','129789','EVT_OK','OK','15','CUENTAORIGEN001','CUENTADESTINO','15','666','BONOS_50MIL','PETROBRAS_FUSA1','1.0','ACTIVO','50000','BONOS_50MIL',to_date('31/12/16','DD/MM/RR'),'17');
Insert into ANLYT.OP_EVENTO (EVENTO_COD,EVENTO_TIPO,EVENTO_FECHA,EVENTO_DIRECCION_IP,EVENTO_CANAL,EVENTO_RESP_NROCONFIRMACION,EVENTO_RESP_COD,EVENTO_RESP_DESCRIPCION,ID_CAJA,TX_ORIGEN_CUENTA,TX_DESTINO_CUENTA,ID_CAJERO,BONO_SERIAL,BONO_ESPECIE_COD,BONO_EMISOR_COD,BONO_ESPECIE_VER,BONO_ESTADO,BONO_VALOR,BONO_DENOMINACION,BONO_FECHA_VENCIMIENTO,ID_EVENTORAW) values ('6894','E2',to_date('12/01/16','DD/MM/RR'),'127.0.0.10','APPWEB','128967','EVT_OK','OK','15','CUENTAORIGEN001','CUENTADESTINO','15','666','BONOS_50MIL','PETROBRAS_FUSA1','1.0','ACTIVO','50000','BONOS_50MIL',to_date('31/12/16','DD/MM/RR'),'16');
Insert into ANLYT.OP_EVENTO (EVENTO_COD,EVENTO_TIPO,EVENTO_FECHA,EVENTO_DIRECCION_IP,EVENTO_CANAL,EVENTO_RESP_NROCONFIRMACION,EVENTO_RESP_COD,EVENTO_RESP_DESCRIPCION,ID_CAJA,TX_ORIGEN_CUENTA,TX_DESTINO_CUENTA,ID_CAJERO,BONO_SERIAL,BONO_ESPECIE_COD,BONO_EMISOR_COD,BONO_ESPECIE_VER,BONO_ESTADO,BONO_VALOR,BONO_DENOMINACION,BONO_FECHA_VENCIMIENTO,ID_EVENTORAW) values ('6894','E1',to_date('26/11/15','DD/MM/RR'),'127.0.0.10','APPWEB','503894','EVT_OK','OK','15','CUENTAORIGEN001','CUENTADESTINO','15','666','BONOS_50MIL','PETROBRAS_FUSA1','1.0','ACTIVO','50000','BONOS_50MIL',to_date('31/12/16','DD/MM/RR'),'15');
Insert into ANLYT.OP_EVENTO (EVENTO_COD,EVENTO_TIPO,EVENTO_FECHA,EVENTO_DIRECCION_IP,EVENTO_CANAL,EVENTO_RESP_NROCONFIRMACION,EVENTO_RESP_COD,EVENTO_RESP_DESCRIPCION,ID_CAJA,TX_ORIGEN_CUENTA,TX_DESTINO_CUENTA,ID_CAJERO,BONO_SERIAL,BONO_ESPECIE_COD,BONO_EMISOR_COD,BONO_ESPECIE_VER,BONO_ESTADO,BONO_VALOR,BONO_DENOMINACION,BONO_FECHA_VENCIMIENTO,ID_EVENTORAW) values ('7020','E2',to_date('01/01/16','DD/MM/RR'),'127.0.0.1','APPMOVIL','230874','EVT_OK','OK','19','CUENTAORIGEN001','CUENTADESTINO','12','2997','BONOS_30MIL','PETROBRAS_IPIALES','2.0','ACTIVO','30000','BONOS_30MIL',to_date('31/12/17','DD/MM/RR'),'34');
Insert into ANLYT.OP_EVENTO (EVENTO_COD,EVENTO_TIPO,EVENTO_FECHA,EVENTO_DIRECCION_IP,EVENTO_CANAL,EVENTO_RESP_NROCONFIRMACION,EVENTO_RESP_COD,EVENTO_RESP_DESCRIPCION,ID_CAJA,TX_ORIGEN_CUENTA,TX_DESTINO_CUENTA,ID_CAJERO,BONO_SERIAL,BONO_ESPECIE_COD,BONO_EMISOR_COD,BONO_ESPECIE_VER,BONO_ESTADO,BONO_VALOR,BONO_DENOMINACION,BONO_FECHA_VENCIMIENTO,ID_EVENTORAW) values ('10368','E1',to_date('01/12/15','DD/MM/RR'),'127.0.0.10','DATAFONO','198567','EVT_OK','OK','19','CUENTAORIGEN001','CUENTADESTINO','13','2997','BONOS_30MIL','PETROBRAS_IPIALES','2.0','ACTIVO','30000','BONOS_30MIL',to_date('31/12/17','DD/MM/RR'),'33');
Insert into ANLYT.OP_EVENTO (EVENTO_COD,EVENTO_TIPO,EVENTO_FECHA,EVENTO_DIRECCION_IP,EVENTO_CANAL,EVENTO_RESP_NROCONFIRMACION,EVENTO_RESP_COD,EVENTO_RESP_DESCRIPCION,ID_CAJA,TX_ORIGEN_CUENTA,TX_DESTINO_CUENTA,ID_CAJERO,BONO_SERIAL,BONO_ESPECIE_COD,BONO_EMISOR_COD,BONO_ESPECIE_VER,BONO_ESTADO,BONO_VALOR,BONO_DENOMINACION,BONO_FECHA_VENCIMIENTO,ID_EVENTORAW) values ('4680','E2',to_date('01/01/16','DD/MM/RR'),'127.0.0.1','APPMOVIL','230874','EVT_OK','OK','19','CUENTAORIGEN001','CUENTADESTINO','12','1998','BONOS_30MIL','PETROBRAS_IPIALES','2.0','ACTIVO','30000','BONOS_30MIL',to_date('31/12/17','DD/MM/RR'),'20');
Insert into ANLYT.OP_EVENTO (EVENTO_COD,EVENTO_TIPO,EVENTO_FECHA,EVENTO_DIRECCION_IP,EVENTO_CANAL,EVENTO_RESP_NROCONFIRMACION,EVENTO_RESP_COD,EVENTO_RESP_DESCRIPCION,ID_CAJA,TX_ORIGEN_CUENTA,TX_DESTINO_CUENTA,ID_CAJERO,BONO_SERIAL,BONO_ESPECIE_COD,BONO_EMISOR_COD,BONO_ESPECIE_VER,BONO_ESTADO,BONO_VALOR,BONO_DENOMINACION,BONO_FECHA_VENCIMIENTO,ID_EVENTORAW) values ('6912','E1',to_date('01/12/15','DD/MM/RR'),'127.0.0.10','DATAFONO','198567','EVT_OK','OK','19','CUENTAORIGEN001','CUENTADESTINO','13','1998','BONOS_30MIL','PETROBRAS_IPIALES','2.0','ACTIVO','30000','BONOS_30MIL',to_date('31/12/17','DD/MM/RR'),'19');
Insert into ANLYT.OP_EVENTO (EVENTO_COD,EVENTO_TIPO,EVENTO_FECHA,EVENTO_DIRECCION_IP,EVENTO_CANAL,EVENTO_RESP_NROCONFIRMACION,EVENTO_RESP_COD,EVENTO_RESP_DESCRIPCION,ID_CAJA,TX_ORIGEN_CUENTA,TX_DESTINO_CUENTA,ID_CAJERO,BONO_SERIAL,BONO_ESPECIE_COD,BONO_EMISOR_COD,BONO_ESPECIE_VER,BONO_ESTADO,BONO_VALOR,BONO_DENOMINACION,BONO_FECHA_VENCIMIENTO,ID_EVENTORAW) values ('3456','E1',to_date('01/12/15','DD/MM/RR'),'127.0.0.10','DATAFONO','198567','EVT_OK','OK','19','CUENTAORIGEN001','CUENTADESTINO','13','999','BONOS_30MIL','PETROBRAS_IPIALES','2.0','ACTIVO','30000','BONOS_30MIL',to_date('31/12/17','DD/MM/RR'),'5');
Insert into ANLYT.OP_EVENTO (EVENTO_COD,EVENTO_TIPO,EVENTO_FECHA,EVENTO_DIRECCION_IP,EVENTO_CANAL,EVENTO_RESP_NROCONFIRMACION,EVENTO_RESP_COD,EVENTO_RESP_DESCRIPCION,ID_CAJA,TX_ORIGEN_CUENTA,TX_DESTINO_CUENTA,ID_CAJERO,BONO_SERIAL,BONO_ESPECIE_COD,BONO_EMISOR_COD,BONO_ESPECIE_VER,BONO_ESTADO,BONO_VALOR,BONO_DENOMINACION,BONO_FECHA_VENCIMIENTO,ID_EVENTORAW) values ('2340','E2',to_date('01/01/16','DD/MM/RR'),'127.0.0.1','APPMOVIL','230874','EVT_OK','OK','19','CUENTAORIGEN001','CUENTADESTINO','12','999','BONOS_30MIL','PETROBRAS_IPIALES','2.0','ACTIVO','30000','BONOS_30MIL',to_date('31/12/17','DD/MM/RR'),'6');
Insert into ANLYT.OP_EVENTO (EVENTO_COD,EVENTO_TIPO,EVENTO_FECHA,EVENTO_DIRECCION_IP,EVENTO_CANAL,EVENTO_RESP_NROCONFIRMACION,EVENTO_RESP_COD,EVENTO_RESP_DESCRIPCION,ID_CAJA,TX_ORIGEN_CUENTA,TX_DESTINO_CUENTA,ID_CAJERO,BONO_SERIAL,BONO_ESPECIE_COD,BONO_EMISOR_COD,BONO_ESPECIE_VER,BONO_ESTADO,BONO_VALOR,BONO_DENOMINACION,BONO_FECHA_VENCIMIENTO,ID_EVENTORAW) values ('10332','E1',to_date('01/10/15','DD/MM/RR'),'127.0.0.10','APPMOVIL','198777','EVT_OK','OK','20','CUENTAORIGEN001','CUENTADESTINO','14','2331','BONOS_30MIL','PETROBRAS_PASTO','1.0','ACTIVO','30000','BONOS_30MIL',to_date('31/12/17','DD/MM/RR'),'35');
Insert into ANLYT.OP_EVENTO (EVENTO_COD,EVENTO_TIPO,EVENTO_FECHA,EVENTO_DIRECCION_IP,EVENTO_CANAL,EVENTO_RESP_NROCONFIRMACION,EVENTO_RESP_COD,EVENTO_RESP_DESCRIPCION,ID_CAJA,TX_ORIGEN_CUENTA,TX_DESTINO_CUENTA,ID_CAJERO,BONO_SERIAL,BONO_ESPECIE_COD,BONO_EMISOR_COD,BONO_ESPECIE_VER,BONO_ESTADO,BONO_VALOR,BONO_DENOMINACION,BONO_FECHA_VENCIMIENTO,ID_EVENTORAW) values ('6888','E1',to_date('01/10/15','DD/MM/RR'),'127.0.0.10','APPMOVIL','198777','EVT_OK','OK','20','CUENTAORIGEN001','CUENTADESTINO','14','1554','BONOS_30MIL','PETROBRAS_PASTO','1.0','ACTIVO','30000','BONOS_30MIL',to_date('31/12/17','DD/MM/RR'),'21');
Insert into ANLYT.OP_EVENTO (EVENTO_COD,EVENTO_TIPO,EVENTO_FECHA,EVENTO_DIRECCION_IP,EVENTO_CANAL,EVENTO_RESP_NROCONFIRMACION,EVENTO_RESP_COD,EVENTO_RESP_DESCRIPCION,ID_CAJA,TX_ORIGEN_CUENTA,TX_DESTINO_CUENTA,ID_CAJERO,BONO_SERIAL,BONO_ESPECIE_COD,BONO_EMISOR_COD,BONO_ESPECIE_VER,BONO_ESTADO,BONO_VALOR,BONO_DENOMINACION,BONO_FECHA_VENCIMIENTO,ID_EVENTORAW) values ('3444','E1',to_date('01/10/15','DD/MM/RR'),'127.0.0.10','APPMOVIL','198777','EVT_OK','OK','20','CUENTAORIGEN001','CUENTADESTINO','14','777','BONOS_30MIL','PETROBRAS_PASTO','1.0','ACTIVO','30000','BONOS_30MIL',to_date('31/12/17','DD/MM/RR'),'7');
REM INSERTING into ANLYT.OP_EVENTO_RAW
SET DEFINE OFF;
Insert into ANLYT.OP_EVENTO_RAW (EVENTO_ID,EVENTO_TIPO,EVENTO_FECHA,EVENTO_DIRECCION_IP,EVENTO_CANAL,EVENTO_RESP_NROCONFIRMACION,EVENTO_RESP_COD,EVENTO_RESP_DESCRIPCION,COMERCIO_COD,CAJA_ID,TX_ORIGEN_CUENTA,TX_DESTINO_CUENTA,CAJERO_ID,BONO_SERIAL,BONO_ESPECIE_COD,BONO_EMISOR_COD,BONO_ESPECIE_VER,BONO_ESTADO,BONO_VALOR,BONO_DENOMINACION,BONO_FECHA_VENCIMIENTO,ID_EVENTORAW) values ('3894','E4',to_date('27/01/16','DD/MM/RR'),'127.0.0.1','APPMOVIL','503894','EVT_OK','transaccion al peluche','CORRAL','CAJA1_CORRAL_GE','PEPITO_CUENTA','CORRAL_GE_CUENTA','CAJERO1_CORRAL_GE','803894','BONOS_20MIL','CORRAL_ANDINO','1.0','ACTIVO','20000','BONOS_20MIL',to_date('03/02/16','DD/MM/RR'),'1');
Insert into ANLYT.OP_EVENTO_RAW (EVENTO_ID,EVENTO_TIPO,EVENTO_FECHA,EVENTO_DIRECCION_IP,EVENTO_CANAL,EVENTO_RESP_NROCONFIRMACION,EVENTO_RESP_COD,EVENTO_RESP_DESCRIPCION,COMERCIO_COD,CAJA_ID,TX_ORIGEN_CUENTA,TX_DESTINO_CUENTA,CAJERO_ID,BONO_SERIAL,BONO_ESPECIE_COD,BONO_EMISOR_COD,BONO_ESPECIE_VER,BONO_ESTADO,BONO_VALOR,BONO_DENOMINACION,BONO_FECHA_VENCIMIENTO,ID_EVENTORAW) values ('2340','E2',to_date('01/01/16','DD/MM/RR'),'127.0.0.1','APPMOVIL','230874','EVT_OK','OK','0012','CAJA_1','CUENTAORIGEN001','CUENTADESTINO','C2','999','BONOS_30MIL','PETROBRAS_IPIALES','2.0','ACTIVO','30000','BONOS_30MIL',to_date('31/12/17','DD/MM/RR'),'6');
Insert into ANLYT.OP_EVENTO_RAW (EVENTO_ID,EVENTO_TIPO,EVENTO_FECHA,EVENTO_DIRECCION_IP,EVENTO_CANAL,EVENTO_RESP_NROCONFIRMACION,EVENTO_RESP_COD,EVENTO_RESP_DESCRIPCION,COMERCIO_COD,CAJA_ID,TX_ORIGEN_CUENTA,TX_DESTINO_CUENTA,CAJERO_ID,BONO_SERIAL,BONO_ESPECIE_COD,BONO_EMISOR_COD,BONO_ESPECIE_VER,BONO_ESTADO,BONO_VALOR,BONO_DENOMINACION,BONO_FECHA_VENCIMIENTO,ID_EVENTORAW) values ('3476','E1',to_date('01/01/16','DD/MM/RR'),'127.0.0.10','DATAFONO','128967','EVT_OK','OK','0001','CAJA_1','CUENTAORIGEN001','CUENTADESTINO','PEPITO_P','888','BONOS_20MIL','CORRAL_HAYUELOS','1.0','ACTIVO','20000','BONOS_20MIL',to_date('31/12/16','DD/MM/RR'),'2');
Insert into ANLYT.OP_EVENTO_RAW (EVENTO_ID,EVENTO_TIPO,EVENTO_FECHA,EVENTO_DIRECCION_IP,EVENTO_CANAL,EVENTO_RESP_NROCONFIRMACION,EVENTO_RESP_COD,EVENTO_RESP_DESCRIPCION,COMERCIO_COD,CAJA_ID,TX_ORIGEN_CUENTA,TX_DESTINO_CUENTA,CAJERO_ID,BONO_SERIAL,BONO_ESPECIE_COD,BONO_EMISOR_COD,BONO_ESPECIE_VER,BONO_ESTADO,BONO_VALOR,BONO_DENOMINACION,BONO_FECHA_VENCIMIENTO,ID_EVENTORAW) values ('9876','E2',to_date('01/01/16','DD/MM/RR'),'127.0.0.1','APPMOVIL','129789','EVT_OK','OK','0001','CAJA_3','CUENTAORIGEN001','CUENTADESTINO','PEPITO_P','888','BONOS_20MIL','CORRAL_HAYUELOS','1.0','ACTIVO','20000','BONOS_20MIL',to_date('31/12/16','DD/MM/RR'),'3');
Insert into ANLYT.OP_EVENTO_RAW (EVENTO_ID,EVENTO_TIPO,EVENTO_FECHA,EVENTO_DIRECCION_IP,EVENTO_CANAL,EVENTO_RESP_NROCONFIRMACION,EVENTO_RESP_COD,EVENTO_RESP_DESCRIPCION,COMERCIO_COD,CAJA_ID,TX_ORIGEN_CUENTA,TX_DESTINO_CUENTA,CAJERO_ID,BONO_SERIAL,BONO_ESPECIE_COD,BONO_EMISOR_COD,BONO_ESPECIE_VER,BONO_ESTADO,BONO_VALOR,BONO_DENOMINACION,BONO_FECHA_VENCIMIENTO,ID_EVENTORAW) values ('2344','E3',to_date('10/01/16','DD/MM/RR'),'127.0.0.1','APPMOVIL','130555','EVT_OK','OK','0001','CAJA_2','CUENTAORIGEN001','CUENTADESTINO','PEPITO_P','888','BONOS_20MIL','CORRAL_HAYUELOS','1.0','ACTIVO','20000','BONOS_20MIL',to_date('31/12/16','DD/MM/RR'),'4');
Insert into ANLYT.OP_EVENTO_RAW (EVENTO_ID,EVENTO_TIPO,EVENTO_FECHA,EVENTO_DIRECCION_IP,EVENTO_CANAL,EVENTO_RESP_NROCONFIRMACION,EVENTO_RESP_COD,EVENTO_RESP_DESCRIPCION,COMERCIO_COD,CAJA_ID,TX_ORIGEN_CUENTA,TX_DESTINO_CUENTA,CAJERO_ID,BONO_SERIAL,BONO_ESPECIE_COD,BONO_EMISOR_COD,BONO_ESPECIE_VER,BONO_ESTADO,BONO_VALOR,BONO_DENOMINACION,BONO_FECHA_VENCIMIENTO,ID_EVENTORAW) values ('3456','E1',to_date('01/12/15','DD/MM/RR'),'127.0.0.10','DATAFONO','198567','EVT_OK','OK','0012','CAJA_1','CUENTAORIGEN001','CUENTADESTINO','C1','999','BONOS_30MIL','PETROBRAS_IPIALES','2.0','ACTIVO','30000','BONOS_30MIL',to_date('31/12/17','DD/MM/RR'),'5');
Insert into ANLYT.OP_EVENTO_RAW (EVENTO_ID,EVENTO_TIPO,EVENTO_FECHA,EVENTO_DIRECCION_IP,EVENTO_CANAL,EVENTO_RESP_NROCONFIRMACION,EVENTO_RESP_COD,EVENTO_RESP_DESCRIPCION,COMERCIO_COD,CAJA_ID,TX_ORIGEN_CUENTA,TX_DESTINO_CUENTA,CAJERO_ID,BONO_SERIAL,BONO_ESPECIE_COD,BONO_EMISOR_COD,BONO_ESPECIE_VER,BONO_ESTADO,BONO_VALOR,BONO_DENOMINACION,BONO_FECHA_VENCIMIENTO,ID_EVENTORAW) values ('3444','E1',to_date('01/10/15','DD/MM/RR'),'127.0.0.10','APPMOVIL','198777','EVT_OK','OK','0013','CAJA_1','CUENTAORIGEN001','CUENTADESTINO','CAJ01','777','BONOS_30MIL','PETROBRAS_PASTO','1.0','ACTIVO','30000','BONOS_30MIL',to_date('31/12/17','DD/MM/RR'),'7');
Insert into ANLYT.OP_EVENTO_RAW (EVENTO_ID,EVENTO_TIPO,EVENTO_FECHA,EVENTO_DIRECCION_IP,EVENTO_CANAL,EVENTO_RESP_NROCONFIRMACION,EVENTO_RESP_COD,EVENTO_RESP_DESCRIPCION,COMERCIO_COD,CAJA_ID,TX_ORIGEN_CUENTA,TX_DESTINO_CUENTA,CAJERO_ID,BONO_SERIAL,BONO_ESPECIE_COD,BONO_EMISOR_COD,BONO_ESPECIE_VER,BONO_ESTADO,BONO_VALOR,BONO_DENOMINACION,BONO_FECHA_VENCIMIENTO,ID_EVENTORAW) values ('4894','E1',to_date('27/11/15','DD/MM/RR'),'127.0.0.10','APPWEB','503894','EVT_OK','OK','0008','CAJA_1','CUENTAORIGEN001','CUENTADESTINO','PAOLAG','4444','BONOS_50MIL','PETROBRAS_TUNJA_SUR','1.0','ACTIVO','50000','BONOS_50MIL',to_date('31/12/16','DD/MM/RR'),'8');
Insert into ANLYT.OP_EVENTO_RAW (EVENTO_ID,EVENTO_TIPO,EVENTO_FECHA,EVENTO_DIRECCION_IP,EVENTO_CANAL,EVENTO_RESP_NROCONFIRMACION,EVENTO_RESP_COD,EVENTO_RESP_DESCRIPCION,COMERCIO_COD,CAJA_ID,TX_ORIGEN_CUENTA,TX_DESTINO_CUENTA,CAJERO_ID,BONO_SERIAL,BONO_ESPECIE_COD,BONO_EMISOR_COD,BONO_ESPECIE_VER,BONO_ESTADO,BONO_VALOR,BONO_DENOMINACION,BONO_FECHA_VENCIMIENTO,ID_EVENTORAW) values ('4476','E2',to_date('28/11/15','DD/MM/RR'),'127.0.0.10','APPWEB','128967','EVT_OK','OK','0008','CAJA_1','CUENTAORIGEN001','CUENTADESTINO','PEPITAP','4444','BONOS_50MIL','PETROBRAS_TUNJA_SUR','1.0','ACTIVO','50000','BONOS_50MIL',to_date('31/12/16','DD/MM/RR'),'9');
Insert into ANLYT.OP_EVENTO_RAW (EVENTO_ID,EVENTO_TIPO,EVENTO_FECHA,EVENTO_DIRECCION_IP,EVENTO_CANAL,EVENTO_RESP_NROCONFIRMACION,EVENTO_RESP_COD,EVENTO_RESP_DESCRIPCION,COMERCIO_COD,CAJA_ID,TX_ORIGEN_CUENTA,TX_DESTINO_CUENTA,CAJERO_ID,BONO_SERIAL,BONO_ESPECIE_COD,BONO_EMISOR_COD,BONO_ESPECIE_VER,BONO_ESTADO,BONO_VALOR,BONO_DENOMINACION,BONO_FECHA_VENCIMIENTO,ID_EVENTORAW) values ('4876','E3',to_date('29/11/15','DD/MM/RR'),'127.0.0.10','APPWEB','129789','EVT_OK','OK','0008','CAJA_3','CUENTAORIGEN001','CUENTADESTINO','LUCASS','4444','BONOS_50MIL','PETROBRAS_TUNJA_SUR','1.0','ACTIVO','50000','BONOS_50MIL',to_date('31/12/16','DD/MM/RR'),'10');
Insert into ANLYT.OP_EVENTO_RAW (EVENTO_ID,EVENTO_TIPO,EVENTO_FECHA,EVENTO_DIRECCION_IP,EVENTO_CANAL,EVENTO_RESP_NROCONFIRMACION,EVENTO_RESP_COD,EVENTO_RESP_DESCRIPCION,COMERCIO_COD,CAJA_ID,TX_ORIGEN_CUENTA,TX_DESTINO_CUENTA,CAJERO_ID,BONO_SERIAL,BONO_ESPECIE_COD,BONO_EMISOR_COD,BONO_ESPECIE_VER,BONO_ESTADO,BONO_VALOR,BONO_DENOMINACION,BONO_FECHA_VENCIMIENTO,ID_EVENTORAW) values ('4344','E4',to_date('30/11/15','DD/MM/RR'),'127.0.0.10','APPWEB','130555','EVT_OK','OK','0008','CAJA_2','CUENTAORIGEN001','CUENTADESTINO','LUCASS','4444','BONOS_50MIL','PETROBRAS_TUNJA_SUR','1.0','ACTIVO','50000','BONOS_50MIL',to_date('31/12/16','DD/MM/RR'),'11');
Insert into ANLYT.OP_EVENTO_RAW (EVENTO_ID,EVENTO_TIPO,EVENTO_FECHA,EVENTO_DIRECCION_IP,EVENTO_CANAL,EVENTO_RESP_NROCONFIRMACION,EVENTO_RESP_COD,EVENTO_RESP_DESCRIPCION,COMERCIO_COD,CAJA_ID,TX_ORIGEN_CUENTA,TX_DESTINO_CUENTA,CAJERO_ID,BONO_SERIAL,BONO_ESPECIE_COD,BONO_EMISOR_COD,BONO_ESPECIE_VER,BONO_ESTADO,BONO_VALOR,BONO_DENOMINACION,BONO_FECHA_VENCIMIENTO,ID_EVENTORAW) values ('5894','E1',to_date('27/09/15','DD/MM/RR'),'127.0.0.10','APPWEB','503894','EVT_OK','OK','0005','CAJA_1','CUENTAORIGEN001','CUENTADESTINO','WILSON_H','55555','BONOS_50MIL','CARWASH_CHAPINERO','1.0','ACTIVO','50000','BONOS_50MIL',to_date('31/12/16','DD/MM/RR'),'12');
Insert into ANLYT.OP_EVENTO_RAW (EVENTO_ID,EVENTO_TIPO,EVENTO_FECHA,EVENTO_DIRECCION_IP,EVENTO_CANAL,EVENTO_RESP_NROCONFIRMACION,EVENTO_RESP_COD,EVENTO_RESP_DESCRIPCION,COMERCIO_COD,CAJA_ID,TX_ORIGEN_CUENTA,TX_DESTINO_CUENTA,CAJERO_ID,BONO_SERIAL,BONO_ESPECIE_COD,BONO_EMISOR_COD,BONO_ESPECIE_VER,BONO_ESTADO,BONO_VALOR,BONO_DENOMINACION,BONO_FECHA_VENCIMIENTO,ID_EVENTORAW) values ('5476','E2',to_date('28/10/15','DD/MM/RR'),'127.0.0.10','APPWEB','128967','EVT_OK','OK','0005','CAJA_1','CUENTAORIGEN001','CUENTADESTINO','WILSON_H','55555','BONOS_50MIL','CARWASH_CHAPINERO','1.0','ACTIVO','50000','BONOS_50MIL',to_date('31/12/16','DD/MM/RR'),'13');
Insert into ANLYT.OP_EVENTO_RAW (EVENTO_ID,EVENTO_TIPO,EVENTO_FECHA,EVENTO_DIRECCION_IP,EVENTO_CANAL,EVENTO_RESP_NROCONFIRMACION,EVENTO_RESP_COD,EVENTO_RESP_DESCRIPCION,COMERCIO_COD,CAJA_ID,TX_ORIGEN_CUENTA,TX_DESTINO_CUENTA,CAJERO_ID,BONO_SERIAL,BONO_ESPECIE_COD,BONO_EMISOR_COD,BONO_ESPECIE_VER,BONO_ESTADO,BONO_VALOR,BONO_DENOMINACION,BONO_FECHA_VENCIMIENTO,ID_EVENTORAW) values ('5876','E3',to_date('29/12/15','DD/MM/RR'),'127.0.0.10','APPWEB','129789','EVT_OK','OK','0005','CAJA_2','CUENTAORIGEN001','CUENTADESTINO','WILSON_H','55555','BONOS_50MIL','CARWASH_CHAPINERO','1.0','ACTIVO','50000','BONOS_50MIL',to_date('31/12/16','DD/MM/RR'),'14');
Insert into ANLYT.OP_EVENTO_RAW (EVENTO_ID,EVENTO_TIPO,EVENTO_FECHA,EVENTO_DIRECCION_IP,EVENTO_CANAL,EVENTO_RESP_NROCONFIRMACION,EVENTO_RESP_COD,EVENTO_RESP_DESCRIPCION,COMERCIO_COD,CAJA_ID,TX_ORIGEN_CUENTA,TX_DESTINO_CUENTA,CAJERO_ID,BONO_SERIAL,BONO_ESPECIE_COD,BONO_EMISOR_COD,BONO_ESPECIE_VER,BONO_ESTADO,BONO_VALOR,BONO_DENOMINACION,BONO_FECHA_VENCIMIENTO,ID_EVENTORAW) values ('6894','E1',to_date('26/11/15','DD/MM/RR'),'127.0.0.10','APPWEB','503894','EVT_OK','OK','0009','CAJA_1','CUENTAORIGEN001','CUENTADESTINO','CAJ010','666','BONOS_50MIL','PETROBRAS_FUSA1','1.0','ACTIVO','50000','BONOS_50MIL',to_date('31/12/16','DD/MM/RR'),'15');
Insert into ANLYT.OP_EVENTO_RAW (EVENTO_ID,EVENTO_TIPO,EVENTO_FECHA,EVENTO_DIRECCION_IP,EVENTO_CANAL,EVENTO_RESP_NROCONFIRMACION,EVENTO_RESP_COD,EVENTO_RESP_DESCRIPCION,COMERCIO_COD,CAJA_ID,TX_ORIGEN_CUENTA,TX_DESTINO_CUENTA,CAJERO_ID,BONO_SERIAL,BONO_ESPECIE_COD,BONO_EMISOR_COD,BONO_ESPECIE_VER,BONO_ESTADO,BONO_VALOR,BONO_DENOMINACION,BONO_FECHA_VENCIMIENTO,ID_EVENTORAW) values ('6894','E2',to_date('12/01/16','DD/MM/RR'),'127.0.0.10','APPWEB','128967','EVT_OK','OK','0009','CAJA_1','CUENTAORIGEN001','CUENTADESTINO','CAJ010','666','BONOS_50MIL','PETROBRAS_FUSA1','1.0','ACTIVO','50000','BONOS_50MIL',to_date('31/12/16','DD/MM/RR'),'16');
Insert into ANLYT.OP_EVENTO_RAW (EVENTO_ID,EVENTO_TIPO,EVENTO_FECHA,EVENTO_DIRECCION_IP,EVENTO_CANAL,EVENTO_RESP_NROCONFIRMACION,EVENTO_RESP_COD,EVENTO_RESP_DESCRIPCION,COMERCIO_COD,CAJA_ID,TX_ORIGEN_CUENTA,TX_DESTINO_CUENTA,CAJERO_ID,BONO_SERIAL,BONO_ESPECIE_COD,BONO_EMISOR_COD,BONO_ESPECIE_VER,BONO_ESTADO,BONO_VALOR,BONO_DENOMINACION,BONO_FECHA_VENCIMIENTO,ID_EVENTORAW) values ('6894','E3',to_date('12/01/16','DD/MM/RR'),'127.0.0.10','APPWEB','129789','EVT_OK','OK','0009','CAJA_1','CUENTAORIGEN001','CUENTADESTINO','CAJ010','666','BONOS_50MIL','PETROBRAS_FUSA1','1.0','ACTIVO','50000','BONOS_50MIL',to_date('31/12/16','DD/MM/RR'),'17');
Insert into ANLYT.OP_EVENTO_RAW (EVENTO_ID,EVENTO_TIPO,EVENTO_FECHA,EVENTO_DIRECCION_IP,EVENTO_CANAL,EVENTO_RESP_NROCONFIRMACION,EVENTO_RESP_COD,EVENTO_RESP_DESCRIPCION,COMERCIO_COD,CAJA_ID,TX_ORIGEN_CUENTA,TX_DESTINO_CUENTA,CAJERO_ID,BONO_SERIAL,BONO_ESPECIE_COD,BONO_EMISOR_COD,BONO_ESPECIE_VER,BONO_ESTADO,BONO_VALOR,BONO_DENOMINACION,BONO_FECHA_VENCIMIENTO,ID_EVENTORAW) values ('6894','E4',to_date('17/01/16','DD/MM/RR'),'127.0.0.10','APPWEB','130555','EVT_OK','OK','0009','CAJA_1','CUENTAORIGEN001','CUENTADESTINO','CAJ010','666','BONOS_50MIL','PETROBRAS_FUSA1','1.0','ACTIVO','50000','BONOS_50MIL',to_date('31/12/16','DD/MM/RR'),'18');
Insert into ANLYT.OP_EVENTO_RAW (EVENTO_ID,EVENTO_TIPO,EVENTO_FECHA,EVENTO_DIRECCION_IP,EVENTO_CANAL,EVENTO_RESP_NROCONFIRMACION,EVENTO_RESP_COD,EVENTO_RESP_DESCRIPCION,COMERCIO_COD,CAJA_ID,TX_ORIGEN_CUENTA,TX_DESTINO_CUENTA,CAJERO_ID,BONO_SERIAL,BONO_ESPECIE_COD,BONO_EMISOR_COD,BONO_ESPECIE_VER,BONO_ESTADO,BONO_VALOR,BONO_DENOMINACION,BONO_FECHA_VENCIMIENTO,ID_EVENTORAW) values ('6912','E1',to_date('01/12/15','DD/MM/RR'),'127.0.0.10','DATAFONO','198567','EVT_OK','OK','0012','CAJA_1','CUENTAORIGEN001','CUENTADESTINO','C1','1998','BONOS_30MIL','PETROBRAS_IPIALES','2.0','ACTIVO','30000','BONOS_30MIL',to_date('31/12/17','DD/MM/RR'),'19');
Insert into ANLYT.OP_EVENTO_RAW (EVENTO_ID,EVENTO_TIPO,EVENTO_FECHA,EVENTO_DIRECCION_IP,EVENTO_CANAL,EVENTO_RESP_NROCONFIRMACION,EVENTO_RESP_COD,EVENTO_RESP_DESCRIPCION,COMERCIO_COD,CAJA_ID,TX_ORIGEN_CUENTA,TX_DESTINO_CUENTA,CAJERO_ID,BONO_SERIAL,BONO_ESPECIE_COD,BONO_EMISOR_COD,BONO_ESPECIE_VER,BONO_ESTADO,BONO_VALOR,BONO_DENOMINACION,BONO_FECHA_VENCIMIENTO,ID_EVENTORAW) values ('4680','E2',to_date('01/01/16','DD/MM/RR'),'127.0.0.1','APPMOVIL','230874','EVT_OK','OK','0012','CAJA_1','CUENTAORIGEN001','CUENTADESTINO','C2','1998','BONOS_30MIL','PETROBRAS_IPIALES','2.0','ACTIVO','30000','BONOS_30MIL',to_date('31/12/17','DD/MM/RR'),'20');
Insert into ANLYT.OP_EVENTO_RAW (EVENTO_ID,EVENTO_TIPO,EVENTO_FECHA,EVENTO_DIRECCION_IP,EVENTO_CANAL,EVENTO_RESP_NROCONFIRMACION,EVENTO_RESP_COD,EVENTO_RESP_DESCRIPCION,COMERCIO_COD,CAJA_ID,TX_ORIGEN_CUENTA,TX_DESTINO_CUENTA,CAJERO_ID,BONO_SERIAL,BONO_ESPECIE_COD,BONO_EMISOR_COD,BONO_ESPECIE_VER,BONO_ESTADO,BONO_VALOR,BONO_DENOMINACION,BONO_FECHA_VENCIMIENTO,ID_EVENTORAW) values ('6888','E1',to_date('01/10/15','DD/MM/RR'),'127.0.0.10','APPMOVIL','198777','EVT_OK','OK','0013','CAJA_1','CUENTAORIGEN001','CUENTADESTINO','CAJ01','1554','BONOS_30MIL','PETROBRAS_PASTO','1.0','ACTIVO','30000','BONOS_30MIL',to_date('31/12/17','DD/MM/RR'),'21');
Insert into ANLYT.OP_EVENTO_RAW (EVENTO_ID,EVENTO_TIPO,EVENTO_FECHA,EVENTO_DIRECCION_IP,EVENTO_CANAL,EVENTO_RESP_NROCONFIRMACION,EVENTO_RESP_COD,EVENTO_RESP_DESCRIPCION,COMERCIO_COD,CAJA_ID,TX_ORIGEN_CUENTA,TX_DESTINO_CUENTA,CAJERO_ID,BONO_SERIAL,BONO_ESPECIE_COD,BONO_EMISOR_COD,BONO_ESPECIE_VER,BONO_ESTADO,BONO_VALOR,BONO_DENOMINACION,BONO_FECHA_VENCIMIENTO,ID_EVENTORAW) values ('9788','E1',to_date('27/11/15','DD/MM/RR'),'127.0.0.10','APPWEB','503894','EVT_OK','OK','0008','CAJA_1','CUENTAORIGEN001','CUENTADESTINO','PAOLAG','8888','BONOS_50MIL','PETROBRAS_TUNJA_SUR','1.0','ACTIVO','50000','BONOS_50MIL',to_date('31/12/16','DD/MM/RR'),'22');
Insert into ANLYT.OP_EVENTO_RAW (EVENTO_ID,EVENTO_TIPO,EVENTO_FECHA,EVENTO_DIRECCION_IP,EVENTO_CANAL,EVENTO_RESP_NROCONFIRMACION,EVENTO_RESP_COD,EVENTO_RESP_DESCRIPCION,COMERCIO_COD,CAJA_ID,TX_ORIGEN_CUENTA,TX_DESTINO_CUENTA,CAJERO_ID,BONO_SERIAL,BONO_ESPECIE_COD,BONO_EMISOR_COD,BONO_ESPECIE_VER,BONO_ESTADO,BONO_VALOR,BONO_DENOMINACION,BONO_FECHA_VENCIMIENTO,ID_EVENTORAW) values ('8952','E2',to_date('28/11/15','DD/MM/RR'),'127.0.0.10','APPWEB','128967','EVT_OK','OK','0008','CAJA_1','CUENTAORIGEN001','CUENTADESTINO','PEPITAP','8888','BONOS_50MIL','PETROBRAS_TUNJA_SUR','1.0','ACTIVO','50000','BONOS_50MIL',to_date('31/12/16','DD/MM/RR'),'23');
Insert into ANLYT.OP_EVENTO_RAW (EVENTO_ID,EVENTO_TIPO,EVENTO_FECHA,EVENTO_DIRECCION_IP,EVENTO_CANAL,EVENTO_RESP_NROCONFIRMACION,EVENTO_RESP_COD,EVENTO_RESP_DESCRIPCION,COMERCIO_COD,CAJA_ID,TX_ORIGEN_CUENTA,TX_DESTINO_CUENTA,CAJERO_ID,BONO_SERIAL,BONO_ESPECIE_COD,BONO_EMISOR_COD,BONO_ESPECIE_VER,BONO_ESTADO,BONO_VALOR,BONO_DENOMINACION,BONO_FECHA_VENCIMIENTO,ID_EVENTORAW) values ('9752','E3',to_date('29/11/15','DD/MM/RR'),'127.0.0.10','APPWEB','129789','EVT_OK','OK','0008','CAJA_3','CUENTAORIGEN001','CUENTADESTINO','LUCASS','8888','BONOS_50MIL','PETROBRAS_TUNJA_SUR','1.0','ACTIVO','50000','BONOS_50MIL',to_date('31/12/16','DD/MM/RR'),'24');
Insert into ANLYT.OP_EVENTO_RAW (EVENTO_ID,EVENTO_TIPO,EVENTO_FECHA,EVENTO_DIRECCION_IP,EVENTO_CANAL,EVENTO_RESP_NROCONFIRMACION,EVENTO_RESP_COD,EVENTO_RESP_DESCRIPCION,COMERCIO_COD,CAJA_ID,TX_ORIGEN_CUENTA,TX_DESTINO_CUENTA,CAJERO_ID,BONO_SERIAL,BONO_ESPECIE_COD,BONO_EMISOR_COD,BONO_ESPECIE_VER,BONO_ESTADO,BONO_VALOR,BONO_DENOMINACION,BONO_FECHA_VENCIMIENTO,ID_EVENTORAW) values ('8688','E4',to_date('30/11/15','DD/MM/RR'),'127.0.0.10','APPWEB','130555','EVT_OK','OK','0008','CAJA_2','CUENTAORIGEN001','CUENTADESTINO','LUCASS','8888','BONOS_50MIL','PETROBRAS_TUNJA_SUR','1.0','ACTIVO','50000','BONOS_50MIL',to_date('31/12/16','DD/MM/RR'),'25');
Insert into ANLYT.OP_EVENTO_RAW (EVENTO_ID,EVENTO_TIPO,EVENTO_FECHA,EVENTO_DIRECCION_IP,EVENTO_CANAL,EVENTO_RESP_NROCONFIRMACION,EVENTO_RESP_COD,EVENTO_RESP_DESCRIPCION,COMERCIO_COD,CAJA_ID,TX_ORIGEN_CUENTA,TX_DESTINO_CUENTA,CAJERO_ID,BONO_SERIAL,BONO_ESPECIE_COD,BONO_EMISOR_COD,BONO_ESPECIE_VER,BONO_ESTADO,BONO_VALOR,BONO_DENOMINACION,BONO_FECHA_VENCIMIENTO,ID_EVENTORAW) values ('11788','E1',to_date('27/09/15','DD/MM/RR'),'127.0.0.10','APPWEB','503894','EVT_OK','OK','0005','CAJA_1','CUENTAORIGEN001','CUENTADESTINO','WILSON_H','111110','BONOS_50MIL','CARWASH_CHAPINERO','1.0','ACTIVO','50000','BONOS_50MIL',to_date('31/12/16','DD/MM/RR'),'26');
Insert into ANLYT.OP_EVENTO_RAW (EVENTO_ID,EVENTO_TIPO,EVENTO_FECHA,EVENTO_DIRECCION_IP,EVENTO_CANAL,EVENTO_RESP_NROCONFIRMACION,EVENTO_RESP_COD,EVENTO_RESP_DESCRIPCION,COMERCIO_COD,CAJA_ID,TX_ORIGEN_CUENTA,TX_DESTINO_CUENTA,CAJERO_ID,BONO_SERIAL,BONO_ESPECIE_COD,BONO_EMISOR_COD,BONO_ESPECIE_VER,BONO_ESTADO,BONO_VALOR,BONO_DENOMINACION,BONO_FECHA_VENCIMIENTO,ID_EVENTORAW) values ('10952','E2',to_date('28/10/15','DD/MM/RR'),'127.0.0.10','APPWEB','128967','EVT_OK','OK','0005','CAJA_1','CUENTAORIGEN001','CUENTADESTINO','WILSON_H','111110','BONOS_50MIL','CARWASH_CHAPINERO','1.0','ACTIVO','50000','BONOS_50MIL',to_date('31/12/16','DD/MM/RR'),'27');
Insert into ANLYT.OP_EVENTO_RAW (EVENTO_ID,EVENTO_TIPO,EVENTO_FECHA,EVENTO_DIRECCION_IP,EVENTO_CANAL,EVENTO_RESP_NROCONFIRMACION,EVENTO_RESP_COD,EVENTO_RESP_DESCRIPCION,COMERCIO_COD,CAJA_ID,TX_ORIGEN_CUENTA,TX_DESTINO_CUENTA,CAJERO_ID,BONO_SERIAL,BONO_ESPECIE_COD,BONO_EMISOR_COD,BONO_ESPECIE_VER,BONO_ESTADO,BONO_VALOR,BONO_DENOMINACION,BONO_FECHA_VENCIMIENTO,ID_EVENTORAW) values ('11752','E3',to_date('29/12/15','DD/MM/RR'),'127.0.0.10','APPWEB','129789','EVT_OK','OK','0005','CAJA_2','CUENTAORIGEN001','CUENTADESTINO','WILSON_H','111110','BONOS_50MIL','CARWASH_CHAPINERO','1.0','ACTIVO','50000','BONOS_50MIL',to_date('31/12/16','DD/MM/RR'),'28');
Insert into ANLYT.OP_EVENTO_RAW (EVENTO_ID,EVENTO_TIPO,EVENTO_FECHA,EVENTO_DIRECCION_IP,EVENTO_CANAL,EVENTO_RESP_NROCONFIRMACION,EVENTO_RESP_COD,EVENTO_RESP_DESCRIPCION,COMERCIO_COD,CAJA_ID,TX_ORIGEN_CUENTA,TX_DESTINO_CUENTA,CAJERO_ID,BONO_SERIAL,BONO_ESPECIE_COD,BONO_EMISOR_COD,BONO_ESPECIE_VER,BONO_ESTADO,BONO_VALOR,BONO_DENOMINACION,BONO_FECHA_VENCIMIENTO,ID_EVENTORAW) values ('13788','E1',to_date('26/11/15','DD/MM/RR'),'127.0.0.10','APPWEB','503894','EVT_OK','OK','0009','CAJA_1','CUENTAORIGEN001','CUENTADESTINO','CAJ010','1332','BONOS_50MIL','PETROBRAS_FUSA1','1.0','ACTIVO','50000','BONOS_50MIL',to_date('31/12/16','DD/MM/RR'),'29');
Insert into ANLYT.OP_EVENTO_RAW (EVENTO_ID,EVENTO_TIPO,EVENTO_FECHA,EVENTO_DIRECCION_IP,EVENTO_CANAL,EVENTO_RESP_NROCONFIRMACION,EVENTO_RESP_COD,EVENTO_RESP_DESCRIPCION,COMERCIO_COD,CAJA_ID,TX_ORIGEN_CUENTA,TX_DESTINO_CUENTA,CAJERO_ID,BONO_SERIAL,BONO_ESPECIE_COD,BONO_EMISOR_COD,BONO_ESPECIE_VER,BONO_ESTADO,BONO_VALOR,BONO_DENOMINACION,BONO_FECHA_VENCIMIENTO,ID_EVENTORAW) values ('13788','E2',to_date('12/01/16','DD/MM/RR'),'127.0.0.10','APPWEB','128967','EVT_OK','OK','0009','CAJA_1','CUENTAORIGEN001','CUENTADESTINO','CAJ010','1332','BONOS_50MIL','PETROBRAS_FUSA1','1.0','ACTIVO','50000','BONOS_50MIL',to_date('31/12/16','DD/MM/RR'),'30');
Insert into ANLYT.OP_EVENTO_RAW (EVENTO_ID,EVENTO_TIPO,EVENTO_FECHA,EVENTO_DIRECCION_IP,EVENTO_CANAL,EVENTO_RESP_NROCONFIRMACION,EVENTO_RESP_COD,EVENTO_RESP_DESCRIPCION,COMERCIO_COD,CAJA_ID,TX_ORIGEN_CUENTA,TX_DESTINO_CUENTA,CAJERO_ID,BONO_SERIAL,BONO_ESPECIE_COD,BONO_EMISOR_COD,BONO_ESPECIE_VER,BONO_ESTADO,BONO_VALOR,BONO_DENOMINACION,BONO_FECHA_VENCIMIENTO,ID_EVENTORAW) values ('13788','E3',to_date('12/01/16','DD/MM/RR'),'127.0.0.10','APPWEB','129789','EVT_OK','OK','0009','CAJA_1','CUENTAORIGEN001','CUENTADESTINO','CAJ010','1332','BONOS_50MIL','PETROBRAS_FUSA1','1.0','ACTIVO','50000','BONOS_50MIL',to_date('31/12/16','DD/MM/RR'),'31');
Insert into ANLYT.OP_EVENTO_RAW (EVENTO_ID,EVENTO_TIPO,EVENTO_FECHA,EVENTO_DIRECCION_IP,EVENTO_CANAL,EVENTO_RESP_NROCONFIRMACION,EVENTO_RESP_COD,EVENTO_RESP_DESCRIPCION,COMERCIO_COD,CAJA_ID,TX_ORIGEN_CUENTA,TX_DESTINO_CUENTA,CAJERO_ID,BONO_SERIAL,BONO_ESPECIE_COD,BONO_EMISOR_COD,BONO_ESPECIE_VER,BONO_ESTADO,BONO_VALOR,BONO_DENOMINACION,BONO_FECHA_VENCIMIENTO,ID_EVENTORAW) values ('13788','E4',to_date('17/01/16','DD/MM/RR'),'127.0.0.10','APPWEB','130555','EVT_OK','OK','0009','CAJA_1','CUENTAORIGEN001','CUENTADESTINO','CAJ010','1332','BONOS_50MIL','PETROBRAS_FUSA1','1.0','ACTIVO','50000','BONOS_50MIL',to_date('31/12/16','DD/MM/RR'),'32');
Insert into ANLYT.OP_EVENTO_RAW (EVENTO_ID,EVENTO_TIPO,EVENTO_FECHA,EVENTO_DIRECCION_IP,EVENTO_CANAL,EVENTO_RESP_NROCONFIRMACION,EVENTO_RESP_COD,EVENTO_RESP_DESCRIPCION,COMERCIO_COD,CAJA_ID,TX_ORIGEN_CUENTA,TX_DESTINO_CUENTA,CAJERO_ID,BONO_SERIAL,BONO_ESPECIE_COD,BONO_EMISOR_COD,BONO_ESPECIE_VER,BONO_ESTADO,BONO_VALOR,BONO_DENOMINACION,BONO_FECHA_VENCIMIENTO,ID_EVENTORAW) values ('10368','E1',to_date('01/12/15','DD/MM/RR'),'127.0.0.10','DATAFONO','198567','EVT_OK','OK','0012','CAJA_1','CUENTAORIGEN001','CUENTADESTINO','C1','2997','BONOS_30MIL','PETROBRAS_IPIALES','2.0','ACTIVO','30000','BONOS_30MIL',to_date('31/12/17','DD/MM/RR'),'33');
Insert into ANLYT.OP_EVENTO_RAW (EVENTO_ID,EVENTO_TIPO,EVENTO_FECHA,EVENTO_DIRECCION_IP,EVENTO_CANAL,EVENTO_RESP_NROCONFIRMACION,EVENTO_RESP_COD,EVENTO_RESP_DESCRIPCION,COMERCIO_COD,CAJA_ID,TX_ORIGEN_CUENTA,TX_DESTINO_CUENTA,CAJERO_ID,BONO_SERIAL,BONO_ESPECIE_COD,BONO_EMISOR_COD,BONO_ESPECIE_VER,BONO_ESTADO,BONO_VALOR,BONO_DENOMINACION,BONO_FECHA_VENCIMIENTO,ID_EVENTORAW) values ('7020','E2',to_date('01/01/16','DD/MM/RR'),'127.0.0.1','APPMOVIL','230874','EVT_OK','OK','0012','CAJA_1','CUENTAORIGEN001','CUENTADESTINO','C2','2997','BONOS_30MIL','PETROBRAS_IPIALES','2.0','ACTIVO','30000','BONOS_30MIL',to_date('31/12/17','DD/MM/RR'),'34');
Insert into ANLYT.OP_EVENTO_RAW (EVENTO_ID,EVENTO_TIPO,EVENTO_FECHA,EVENTO_DIRECCION_IP,EVENTO_CANAL,EVENTO_RESP_NROCONFIRMACION,EVENTO_RESP_COD,EVENTO_RESP_DESCRIPCION,COMERCIO_COD,CAJA_ID,TX_ORIGEN_CUENTA,TX_DESTINO_CUENTA,CAJERO_ID,BONO_SERIAL,BONO_ESPECIE_COD,BONO_EMISOR_COD,BONO_ESPECIE_VER,BONO_ESTADO,BONO_VALOR,BONO_DENOMINACION,BONO_FECHA_VENCIMIENTO,ID_EVENTORAW) values ('10332','E1',to_date('01/10/15','DD/MM/RR'),'127.0.0.10','APPMOVIL','198777','EVT_OK','OK','0013','CAJA_1','CUENTAORIGEN001','CUENTADESTINO','CAJ01','2331','BONOS_30MIL','PETROBRAS_PASTO','1.0','ACTIVO','30000','BONOS_30MIL',to_date('31/12/17','DD/MM/RR'),'35');
Insert into ANLYT.OP_EVENTO_RAW (EVENTO_ID,EVENTO_TIPO,EVENTO_FECHA,EVENTO_DIRECCION_IP,EVENTO_CANAL,EVENTO_RESP_NROCONFIRMACION,EVENTO_RESP_COD,EVENTO_RESP_DESCRIPCION,COMERCIO_COD,CAJA_ID,TX_ORIGEN_CUENTA,TX_DESTINO_CUENTA,CAJERO_ID,BONO_SERIAL,BONO_ESPECIE_COD,BONO_EMISOR_COD,BONO_ESPECIE_VER,BONO_ESTADO,BONO_VALOR,BONO_DENOMINACION,BONO_FECHA_VENCIMIENTO,ID_EVENTORAW) values ('14682','E1',to_date('27/11/15','DD/MM/RR'),'127.0.0.10','APPWEB','503894','EVT_OK','OK','0008','CAJA_1','CUENTAORIGEN001','CUENTADESTINO','PAOLAG','13332','BONOS_50MIL','PETROBRAS_TUNJA_SUR','1.0','ACTIVO','50000','BONOS_50MIL',to_date('31/12/16','DD/MM/RR'),'36');
Insert into ANLYT.OP_EVENTO_RAW (EVENTO_ID,EVENTO_TIPO,EVENTO_FECHA,EVENTO_DIRECCION_IP,EVENTO_CANAL,EVENTO_RESP_NROCONFIRMACION,EVENTO_RESP_COD,EVENTO_RESP_DESCRIPCION,COMERCIO_COD,CAJA_ID,TX_ORIGEN_CUENTA,TX_DESTINO_CUENTA,CAJERO_ID,BONO_SERIAL,BONO_ESPECIE_COD,BONO_EMISOR_COD,BONO_ESPECIE_VER,BONO_ESTADO,BONO_VALOR,BONO_DENOMINACION,BONO_FECHA_VENCIMIENTO,ID_EVENTORAW) values ('13428','E2',to_date('28/11/15','DD/MM/RR'),'127.0.0.10','APPWEB','128967','EVT_OK','OK','0008','CAJA_1','CUENTAORIGEN001','CUENTADESTINO','PEPITAP','13332','BONOS_50MIL','PETROBRAS_TUNJA_SUR','1.0','ACTIVO','50000','BONOS_50MIL',to_date('31/12/16','DD/MM/RR'),'37');
Insert into ANLYT.OP_EVENTO_RAW (EVENTO_ID,EVENTO_TIPO,EVENTO_FECHA,EVENTO_DIRECCION_IP,EVENTO_CANAL,EVENTO_RESP_NROCONFIRMACION,EVENTO_RESP_COD,EVENTO_RESP_DESCRIPCION,COMERCIO_COD,CAJA_ID,TX_ORIGEN_CUENTA,TX_DESTINO_CUENTA,CAJERO_ID,BONO_SERIAL,BONO_ESPECIE_COD,BONO_EMISOR_COD,BONO_ESPECIE_VER,BONO_ESTADO,BONO_VALOR,BONO_DENOMINACION,BONO_FECHA_VENCIMIENTO,ID_EVENTORAW) values ('14628','E3',to_date('29/11/15','DD/MM/RR'),'127.0.0.10','APPWEB','129789','EVT_OK','OK','0008','CAJA_3','CUENTAORIGEN001','CUENTADESTINO','LUCASS','13332','BONOS_50MIL','PETROBRAS_TUNJA_SUR','1.0','ACTIVO','50000','BONOS_50MIL',to_date('31/12/16','DD/MM/RR'),'38');
Insert into ANLYT.OP_EVENTO_RAW (EVENTO_ID,EVENTO_TIPO,EVENTO_FECHA,EVENTO_DIRECCION_IP,EVENTO_CANAL,EVENTO_RESP_NROCONFIRMACION,EVENTO_RESP_COD,EVENTO_RESP_DESCRIPCION,COMERCIO_COD,CAJA_ID,TX_ORIGEN_CUENTA,TX_DESTINO_CUENTA,CAJERO_ID,BONO_SERIAL,BONO_ESPECIE_COD,BONO_EMISOR_COD,BONO_ESPECIE_VER,BONO_ESTADO,BONO_VALOR,BONO_DENOMINACION,BONO_FECHA_VENCIMIENTO,ID_EVENTORAW) values ('13032','E4',to_date('30/11/15','DD/MM/RR'),'127.0.0.10','APPWEB','130555','EVT_OK','OK','0008','CAJA_2','CUENTAORIGEN001','CUENTADESTINO','LUCASS','13332','BONOS_50MIL','PETROBRAS_TUNJA_SUR','1.0','ACTIVO','50000','BONOS_50MIL',to_date('31/12/16','DD/MM/RR'),'39');
Insert into ANLYT.OP_EVENTO_RAW (EVENTO_ID,EVENTO_TIPO,EVENTO_FECHA,EVENTO_DIRECCION_IP,EVENTO_CANAL,EVENTO_RESP_NROCONFIRMACION,EVENTO_RESP_COD,EVENTO_RESP_DESCRIPCION,COMERCIO_COD,CAJA_ID,TX_ORIGEN_CUENTA,TX_DESTINO_CUENTA,CAJERO_ID,BONO_SERIAL,BONO_ESPECIE_COD,BONO_EMISOR_COD,BONO_ESPECIE_VER,BONO_ESTADO,BONO_VALOR,BONO_DENOMINACION,BONO_FECHA_VENCIMIENTO,ID_EVENTORAW) values ('17682','E1',to_date('27/09/15','DD/MM/RR'),'127.0.0.10','APPWEB','503894','EVT_OK','OK','0005','CAJA_1','CUENTAORIGEN001','CUENTADESTINO','WILSON_H','166665','BONOS_50MIL','CARWASH_CHAPINERO','1.0','ACTIVO','50000','BONOS_50MIL',to_date('31/12/16','DD/MM/RR'),'40');
Insert into ANLYT.OP_EVENTO_RAW (EVENTO_ID,EVENTO_TIPO,EVENTO_FECHA,EVENTO_DIRECCION_IP,EVENTO_CANAL,EVENTO_RESP_NROCONFIRMACION,EVENTO_RESP_COD,EVENTO_RESP_DESCRIPCION,COMERCIO_COD,CAJA_ID,TX_ORIGEN_CUENTA,TX_DESTINO_CUENTA,CAJERO_ID,BONO_SERIAL,BONO_ESPECIE_COD,BONO_EMISOR_COD,BONO_ESPECIE_VER,BONO_ESTADO,BONO_VALOR,BONO_DENOMINACION,BONO_FECHA_VENCIMIENTO,ID_EVENTORAW) values ('16428','E2',to_date('28/10/15','DD/MM/RR'),'127.0.0.10','APPWEB','128967','EVT_OK','OK','0005','CAJA_1','CUENTAORIGEN001','CUENTADESTINO','WILSON_H','166665','BONOS_50MIL','CARWASH_CHAPINERO','1.0','ACTIVO','50000','BONOS_50MIL',to_date('31/12/16','DD/MM/RR'),'41');
Insert into ANLYT.OP_EVENTO_RAW (EVENTO_ID,EVENTO_TIPO,EVENTO_FECHA,EVENTO_DIRECCION_IP,EVENTO_CANAL,EVENTO_RESP_NROCONFIRMACION,EVENTO_RESP_COD,EVENTO_RESP_DESCRIPCION,COMERCIO_COD,CAJA_ID,TX_ORIGEN_CUENTA,TX_DESTINO_CUENTA,CAJERO_ID,BONO_SERIAL,BONO_ESPECIE_COD,BONO_EMISOR_COD,BONO_ESPECIE_VER,BONO_ESTADO,BONO_VALOR,BONO_DENOMINACION,BONO_FECHA_VENCIMIENTO,ID_EVENTORAW) values ('17628','E3',to_date('29/12/15','DD/MM/RR'),'127.0.0.10','APPWEB','129789','EVT_OK','OK','0005','CAJA_2','CUENTAORIGEN001','CUENTADESTINO','WILSON_H','166665','BONOS_50MIL','CARWASH_CHAPINERO','1.0','ACTIVO','50000','BONOS_50MIL',to_date('31/12/16','DD/MM/RR'),'42');
Insert into ANLYT.OP_EVENTO_RAW (EVENTO_ID,EVENTO_TIPO,EVENTO_FECHA,EVENTO_DIRECCION_IP,EVENTO_CANAL,EVENTO_RESP_NROCONFIRMACION,EVENTO_RESP_COD,EVENTO_RESP_DESCRIPCION,COMERCIO_COD,CAJA_ID,TX_ORIGEN_CUENTA,TX_DESTINO_CUENTA,CAJERO_ID,BONO_SERIAL,BONO_ESPECIE_COD,BONO_EMISOR_COD,BONO_ESPECIE_VER,BONO_ESTADO,BONO_VALOR,BONO_DENOMINACION,BONO_FECHA_VENCIMIENTO,ID_EVENTORAW) values ('20682','E1',to_date('26/11/15','DD/MM/RR'),'127.0.0.10','APPWEB','503894','EVT_OK','OK','0009','CAJA_1','CUENTAORIGEN001','CUENTADESTINO','CAJ010','1998','BONOS_50MIL','PETROBRAS_FUSA1','1.0','ACTIVO','50000','BONOS_50MIL',to_date('31/12/16','DD/MM/RR'),'43');
Insert into ANLYT.OP_EVENTO_RAW (EVENTO_ID,EVENTO_TIPO,EVENTO_FECHA,EVENTO_DIRECCION_IP,EVENTO_CANAL,EVENTO_RESP_NROCONFIRMACION,EVENTO_RESP_COD,EVENTO_RESP_DESCRIPCION,COMERCIO_COD,CAJA_ID,TX_ORIGEN_CUENTA,TX_DESTINO_CUENTA,CAJERO_ID,BONO_SERIAL,BONO_ESPECIE_COD,BONO_EMISOR_COD,BONO_ESPECIE_VER,BONO_ESTADO,BONO_VALOR,BONO_DENOMINACION,BONO_FECHA_VENCIMIENTO,ID_EVENTORAW) values ('20682','E2',to_date('12/01/16','DD/MM/RR'),'127.0.0.10','APPWEB','128967','EVT_OK','OK','0009','CAJA_1','CUENTAORIGEN001','CUENTADESTINO','CAJ010','1998','BONOS_50MIL','PETROBRAS_FUSA1','1.0','ACTIVO','50000','BONOS_50MIL',to_date('31/12/16','DD/MM/RR'),'44');
Insert into ANLYT.OP_EVENTO_RAW (EVENTO_ID,EVENTO_TIPO,EVENTO_FECHA,EVENTO_DIRECCION_IP,EVENTO_CANAL,EVENTO_RESP_NROCONFIRMACION,EVENTO_RESP_COD,EVENTO_RESP_DESCRIPCION,COMERCIO_COD,CAJA_ID,TX_ORIGEN_CUENTA,TX_DESTINO_CUENTA,CAJERO_ID,BONO_SERIAL,BONO_ESPECIE_COD,BONO_EMISOR_COD,BONO_ESPECIE_VER,BONO_ESTADO,BONO_VALOR,BONO_DENOMINACION,BONO_FECHA_VENCIMIENTO,ID_EVENTORAW) values ('20682','E3',to_date('12/01/16','DD/MM/RR'),'127.0.0.10','APPWEB','129789','EVT_OK','OK','0009','CAJA_1','CUENTAORIGEN001','CUENTADESTINO','CAJ010','1998','BONOS_50MIL','PETROBRAS_FUSA1','1.0','ACTIVO','50000','BONOS_50MIL',to_date('31/12/16','DD/MM/RR'),'45');
Insert into ANLYT.OP_EVENTO_RAW (EVENTO_ID,EVENTO_TIPO,EVENTO_FECHA,EVENTO_DIRECCION_IP,EVENTO_CANAL,EVENTO_RESP_NROCONFIRMACION,EVENTO_RESP_COD,EVENTO_RESP_DESCRIPCION,COMERCIO_COD,CAJA_ID,TX_ORIGEN_CUENTA,TX_DESTINO_CUENTA,CAJERO_ID,BONO_SERIAL,BONO_ESPECIE_COD,BONO_EMISOR_COD,BONO_ESPECIE_VER,BONO_ESTADO,BONO_VALOR,BONO_DENOMINACION,BONO_FECHA_VENCIMIENTO,ID_EVENTORAW) values ('20682','E4',to_date('17/01/16','DD/MM/RR'),'127.0.0.10','APPWEB','130555','EVT_OK','OK','0009','CAJA_1','CUENTAORIGEN001','CUENTADESTINO','CAJ010','1998','BONOS_50MIL','PETROBRAS_FUSA1','1.0','ACTIVO','50000','BONOS_50MIL',to_date('31/12/16','DD/MM/RR'),'46');
REM INSERTING into ANLYT.OP_REDENCION_CAJA
SET DEFINE OFF;
Insert into ANLYT.OP_REDENCION_CAJA (CAJA_COD,ID_SUCURSAL,ID_CAJA) values ('CAJA_1','1','1');
Insert into ANLYT.OP_REDENCION_CAJA (CAJA_COD,ID_SUCURSAL,ID_CAJA) values ('CAJA_2','1','2');
Insert into ANLYT.OP_REDENCION_CAJA (CAJA_COD,ID_SUCURSAL,ID_CAJA) values ('CAJA_3','1','3');
Insert into ANLYT.OP_REDENCION_CAJA (CAJA_COD,ID_SUCURSAL,ID_CAJA) values ('CAJA_1','2','4');
Insert into ANLYT.OP_REDENCION_CAJA (CAJA_COD,ID_SUCURSAL,ID_CAJA) values ('CAJA_2','2','5');
Insert into ANLYT.OP_REDENCION_CAJA (CAJA_COD,ID_SUCURSAL,ID_CAJA) values ('CAJA_1','3','6');
Insert into ANLYT.OP_REDENCION_CAJA (CAJA_COD,ID_SUCURSAL,ID_CAJA) values ('CAJA_2','3','7');
Insert into ANLYT.OP_REDENCION_CAJA (CAJA_COD,ID_SUCURSAL,ID_CAJA) values ('CAJA_3','3','8');
Insert into ANLYT.OP_REDENCION_CAJA (CAJA_COD,ID_SUCURSAL,ID_CAJA) values ('CAJA_1','4','9');
Insert into ANLYT.OP_REDENCION_CAJA (CAJA_COD,ID_SUCURSAL,ID_CAJA) values ('CAJA_1','5','10');
Insert into ANLYT.OP_REDENCION_CAJA (CAJA_COD,ID_SUCURSAL,ID_CAJA) values ('CAJA_1','6','11');
Insert into ANLYT.OP_REDENCION_CAJA (CAJA_COD,ID_SUCURSAL,ID_CAJA) values ('CAJA_1','7','12');
Insert into ANLYT.OP_REDENCION_CAJA (CAJA_COD,ID_SUCURSAL,ID_CAJA) values ('CAJA_2','7','13');
Insert into ANLYT.OP_REDENCION_CAJA (CAJA_COD,ID_SUCURSAL,ID_CAJA) values ('CAJA_1','8','14');
Insert into ANLYT.OP_REDENCION_CAJA (CAJA_COD,ID_SUCURSAL,ID_CAJA) values ('CAJA_1','9','15');
Insert into ANLYT.OP_REDENCION_CAJA (CAJA_COD,ID_SUCURSAL,ID_CAJA) values ('CAJA_1','10','16');
Insert into ANLYT.OP_REDENCION_CAJA (CAJA_COD,ID_SUCURSAL,ID_CAJA) values ('CAJA_1','11','17');
Insert into ANLYT.OP_REDENCION_CAJA (CAJA_COD,ID_SUCURSAL,ID_CAJA) values ('CAJA_2','11','18');
Insert into ANLYT.OP_REDENCION_CAJA (CAJA_COD,ID_SUCURSAL,ID_CAJA) values ('CAJA_1','12','19');
Insert into ANLYT.OP_REDENCION_CAJA (CAJA_COD,ID_SUCURSAL,ID_CAJA) values ('CAJA_1','13','20');
REM INSERTING into ANLYT.OP_REDENCION_CAJERO
SET DEFINE OFF;
Insert into ANLYT.OP_REDENCION_CAJERO (CAJERO_COD,NOMBRES_CAJERO,PRIMER_APELLIDO_CAJERO,SEGUNDO_APELLIDO_CAJERO,ID_SUCURSAL,ID_CAJERO) values ('PEPITO_P','PEPE','PEREZ',null,'1','1');
Insert into ANLYT.OP_REDENCION_CAJERO (CAJERO_COD,NOMBRES_CAJERO,PRIMER_APELLIDO_CAJERO,SEGUNDO_APELLIDO_CAJERO,ID_SUCURSAL,ID_CAJERO) values ('JUAN','JUAN','GOMEZ','GOMEZ','2','2');
Insert into ANLYT.OP_REDENCION_CAJERO (CAJERO_COD,NOMBRES_CAJERO,PRIMER_APELLIDO_CAJERO,SEGUNDO_APELLIDO_CAJERO,ID_SUCURSAL,ID_CAJERO) values ('0001','JUAN','PEREZ',null,'3','3');
Insert into ANLYT.OP_REDENCION_CAJERO (CAJERO_COD,NOMBRES_CAJERO,PRIMER_APELLIDO_CAJERO,SEGUNDO_APELLIDO_CAJERO,ID_SUCURSAL,ID_CAJERO) values ('0002','ANA','PEREZ',null,'3','4');
Insert into ANLYT.OP_REDENCION_CAJERO (CAJERO_COD,NOMBRES_CAJERO,PRIMER_APELLIDO_CAJERO,SEGUNDO_APELLIDO_CAJERO,ID_SUCURSAL,ID_CAJERO) values ('WILSON_H','WILSON','HERRERA',null,'4','5');
Insert into ANLYT.OP_REDENCION_CAJERO (CAJERO_COD,NOMBRES_CAJERO,PRIMER_APELLIDO_CAJERO,SEGUNDO_APELLIDO_CAJERO,ID_SUCURSAL,ID_CAJERO) values ('A0001','JUANA','MARTINEZ','PEREZ','5','6');
Insert into ANLYT.OP_REDENCION_CAJERO (CAJERO_COD,NOMBRES_CAJERO,PRIMER_APELLIDO_CAJERO,SEGUNDO_APELLIDO_CAJERO,ID_SUCURSAL,ID_CAJERO) values ('A0002','JUAN','FULANITO',null,'5','7');
Insert into ANLYT.OP_REDENCION_CAJERO (CAJERO_COD,NOMBRES_CAJERO,PRIMER_APELLIDO_CAJERO,SEGUNDO_APELLIDO_CAJERO,ID_SUCURSAL,ID_CAJERO) values ('LUCASS','LUCAS','SIERRA',null,'8','9');
Insert into ANLYT.OP_REDENCION_CAJERO (CAJERO_COD,NOMBRES_CAJERO,PRIMER_APELLIDO_CAJERO,SEGUNDO_APELLIDO_CAJERO,ID_SUCURSAL,ID_CAJERO) values ('PEPITAP','PEPITA','PEREZ',null,'8','10');
Insert into ANLYT.OP_REDENCION_CAJERO (CAJERO_COD,NOMBRES_CAJERO,PRIMER_APELLIDO_CAJERO,SEGUNDO_APELLIDO_CAJERO,ID_SUCURSAL,ID_CAJERO) values ('PAOLAG','PAOLA','GRISALES',null,'8','11');
Insert into ANLYT.OP_REDENCION_CAJERO (CAJERO_COD,NOMBRES_CAJERO,PRIMER_APELLIDO_CAJERO,SEGUNDO_APELLIDO_CAJERO,ID_SUCURSAL,ID_CAJERO) values ('C2','PAOLA','GRISALES',null,'12','12');
Insert into ANLYT.OP_REDENCION_CAJERO (CAJERO_COD,NOMBRES_CAJERO,PRIMER_APELLIDO_CAJERO,SEGUNDO_APELLIDO_CAJERO,ID_SUCURSAL,ID_CAJERO) values ('C1','ANDREA','GRISALES',null,'12','13');
Insert into ANLYT.OP_REDENCION_CAJERO (CAJERO_COD,NOMBRES_CAJERO,PRIMER_APELLIDO_CAJERO,SEGUNDO_APELLIDO_CAJERO,ID_SUCURSAL,ID_CAJERO) values ('CAJ01','PAOLA','GRISALES',null,'13','14');
Insert into ANLYT.OP_REDENCION_CAJERO (CAJERO_COD,NOMBRES_CAJERO,PRIMER_APELLIDO_CAJERO,SEGUNDO_APELLIDO_CAJERO,ID_SUCURSAL,ID_CAJERO) values ('CAJ010','PAOLA','GRISALES',null,'9','15');
REM INSERTING into ANLYT.OP_REDENCION_CUENTA
SET DEFINE OFF;
Insert into ANLYT.OP_REDENCION_CUENTA (ID_CUENTA_COD,ID_CATEGORIA_EDAD,ID_SEGMENTO) values ('CUENTAORIGEN001','1','1');
Insert into ANLYT.OP_REDENCION_CUENTA (ID_CUENTA_COD,ID_CATEGORIA_EDAD,ID_SEGMENTO) values ('CUENTAORIGEN002','2','2');
Insert into ANLYT.OP_REDENCION_CUENTA (ID_CUENTA_COD,ID_CATEGORIA_EDAD,ID_SEGMENTO) values ('CUENTAORIGEN003','2','3');
Insert into ANLYT.OP_REDENCION_CUENTA (ID_CUENTA_COD,ID_CATEGORIA_EDAD,ID_SEGMENTO) values ('CUENTAORIGEN004','2','4');
Insert into ANLYT.OP_REDENCION_CUENTA (ID_CUENTA_COD,ID_CATEGORIA_EDAD,ID_SEGMENTO) values ('CUENTAORIGEN005','1','1');
Insert into ANLYT.OP_REDENCION_CUENTA (ID_CUENTA_COD,ID_CATEGORIA_EDAD,ID_SEGMENTO) values ('CUENTAORIGEN006','3','4');
Insert into ANLYT.OP_REDENCION_CUENTA (ID_CUENTA_COD,ID_CATEGORIA_EDAD,ID_SEGMENTO) values ('CUENTAORIGEN007','3','4');
Insert into ANLYT.OP_REDENCION_CUENTA (ID_CUENTA_COD,ID_CATEGORIA_EDAD,ID_SEGMENTO) values ('CUENTAORIGEN008','3','4');
Insert into ANLYT.OP_REDENCION_CUENTA (ID_CUENTA_COD,ID_CATEGORIA_EDAD,ID_SEGMENTO) values ('CUENTAORIGEN009','2','3');
REM INSERTING into ANLYT.OP_SEGMENTO
SET DEFINE OFF;
Insert into ANLYT.OP_SEGMENTO (ID_SEGMENTO,DESC_SEGMENTO) values ('2','AMA DE CASA');
Insert into ANLYT.OP_SEGMENTO (ID_SEGMENTO,DESC_SEGMENTO) values ('3','EMPLEADO');
Insert into ANLYT.OP_SEGMENTO (ID_SEGMENTO,DESC_SEGMENTO) values ('1','ESTUDIANTE');
Insert into ANLYT.OP_SEGMENTO (ID_SEGMENTO,DESC_SEGMENTO) values ('4','INDEPENDIENTE');
REM INSERTING into ANLYT.OP_SUCURSAL
SET DEFINE OFF;
Insert into ANLYT.OP_SUCURSAL (SUCURSAL_COD,RAZON_SOCIAL,LATITUD,LONGITUD,ID_CIUDAD,ID_EMPRESA,ID_SUCURSAL) values ('0001','EL CORRAL HAYUELOS','4,663883','-74,130383','2','1','1');
Insert into ANLYT.OP_SUCURSAL (SUCURSAL_COD,RAZON_SOCIAL,LATITUD,LONGITUD,ID_CIUDAD,ID_EMPRESA,ID_SUCURSAL) values ('0002','EL CORRAL GRAN ESTACION','4,648','-74,101431','2','1','2');
Insert into ANLYT.OP_SUCURSAL (SUCURSAL_COD,RAZON_SOCIAL,LATITUD,LONGITUD,ID_CIUDAD,ID_EMPRESA,ID_SUCURSAL) values ('0003','EL CORRAL POBLADO','6,198736','-75,568954','1','1','3');
Insert into ANLYT.OP_SUCURSAL (SUCURSAL_COD,RAZON_SOCIAL,LATITUD,LONGITUD,ID_CIUDAD,ID_EMPRESA,ID_SUCURSAL) values ('0004','CARWASH CENTRO','4,602625','-74,063773','2','2','4');
Insert into ANLYT.OP_SUCURSAL (SUCURSAL_COD,RAZON_SOCIAL,LATITUD,LONGITUD,ID_CIUDAD,ID_EMPRESA,ID_SUCURSAL) values ('0005','CARWASH CHAPINERO','4,649411','-74,064653','2','2','5');
Insert into ANLYT.OP_SUCURSAL (SUCURSAL_COD,RAZON_SOCIAL,LATITUD,LONGITUD,ID_CIUDAD,ID_EMPRESA,ID_SUCURSAL) values ('0006','CARWASH PLAYAS','10,392975','-75,483027','3','2','6');
Insert into ANLYT.OP_SUCURSAL (SUCURSAL_COD,RAZON_SOCIAL,LATITUD,LONGITUD,ID_CIUDAD,ID_EMPRESA,ID_SUCURSAL) values ('0007','PETROBRAS TUNJA NORTE','5,551587','-73,351958','4','3','7');
Insert into ANLYT.OP_SUCURSAL (SUCURSAL_COD,RAZON_SOCIAL,LATITUD,LONGITUD,ID_CIUDAD,ID_EMPRESA,ID_SUCURSAL) values ('0008','PETROBRAS TUNJA SUR','5,512929','-73,367708','4','3','8');
Insert into ANLYT.OP_SUCURSAL (SUCURSAL_COD,RAZON_SOCIAL,LATITUD,LONGITUD,ID_CIUDAD,ID_EMPRESA,ID_SUCURSAL) values ('0009','PETROBRAS FUSA 1',null,null,'5','3','9');
Insert into ANLYT.OP_SUCURSAL (SUCURSAL_COD,RAZON_SOCIAL,LATITUD,LONGITUD,ID_CIUDAD,ID_EMPRESA,ID_SUCURSAL) values ('0010','PETROBRAS FUSA 2',null,null,'5','3','10');
Insert into ANLYT.OP_SUCURSAL (SUCURSAL_COD,RAZON_SOCIAL,LATITUD,LONGITUD,ID_CIUDAD,ID_EMPRESA,ID_SUCURSAL) values ('0011','PETROBRAS FUSA 3',null,null,'5','3','11');
Insert into ANLYT.OP_SUCURSAL (SUCURSAL_COD,RAZON_SOCIAL,LATITUD,LONGITUD,ID_CIUDAD,ID_EMPRESA,ID_SUCURSAL) values ('0012','PETROBRAS IPIALES','0,826574','-77,630489','6','3','12');
Insert into ANLYT.OP_SUCURSAL (SUCURSAL_COD,RAZON_SOCIAL,LATITUD,LONGITUD,ID_CIUDAD,ID_EMPRESA,ID_SUCURSAL) values ('0013','PETROBRAS PASTO','1,203413','-77,277521','7','3','13');
--------------------------------------------------------
--  DDL for Index UK_NIT
--------------------------------------------------------

  CREATE UNIQUE INDEX "ANLYT"."UK_NIT" ON "ANLYT"."OP_EMPRESA" ("NIT") 
  PCTFREE 10 INITRANS 2 MAXTRANS 255 COMPUTE STATISTICS 
  STORAGE(INITIAL 65536 NEXT 1048576 MINEXTENTS 1 MAXEXTENTS 2147483645
  PCTINCREASE 0 FREELISTS 1 FREELIST GROUPS 1 BUFFER_POOL DEFAULT FLASH_CACHE DEFAULT CELL_FLASH_CACHE DEFAULT)
  TABLESPACE "USERS" ;
--------------------------------------------------------
--  DDL for Index PK_CUENTA_ID
--------------------------------------------------------

  CREATE UNIQUE INDEX "ANLYT"."PK_CUENTA_ID" ON "ANLYT"."OP_REDENCION_CUENTA" ("ID_CUENTA_COD") 
  PCTFREE 10 INITRANS 2 MAXTRANS 255 COMPUTE STATISTICS 
  STORAGE(INITIAL 65536 NEXT 1048576 MINEXTENTS 1 MAXEXTENTS 2147483645
  PCTINCREASE 0 FREELISTS 1 FREELIST GROUPS 1 BUFFER_POOL DEFAULT FLASH_CACHE DEFAULT CELL_FLASH_CACHE DEFAULT)
  TABLESPACE "USERS" ;
--------------------------------------------------------
--  DDL for Index PK_EMPRESA_ID
--------------------------------------------------------

  CREATE UNIQUE INDEX "ANLYT"."PK_EMPRESA_ID" ON "ANLYT"."OP_EMPRESA" ("ID_EMPRESA") 
  PCTFREE 10 INITRANS 2 MAXTRANS 255 COMPUTE STATISTICS 
  STORAGE(INITIAL 65536 NEXT 1048576 MINEXTENTS 1 MAXEXTENTS 2147483645
  PCTINCREASE 0 FREELISTS 1 FREELIST GROUPS 1 BUFFER_POOL DEFAULT FLASH_CACHE DEFAULT CELL_FLASH_CACHE DEFAULT)
  TABLESPACE "USERS" ;
--------------------------------------------------------
--  DDL for Index OP_REDENCION_CAJERO_UK1
--------------------------------------------------------

  CREATE UNIQUE INDEX "ANLYT"."OP_REDENCION_CAJERO_UK1" ON "ANLYT"."OP_REDENCION_CAJERO" ("CAJERO_COD", "ID_SUCURSAL") 
  PCTFREE 10 INITRANS 2 MAXTRANS 255 COMPUTE STATISTICS 
  STORAGE(INITIAL 65536 NEXT 1048576 MINEXTENTS 1 MAXEXTENTS 2147483645
  PCTINCREASE 0 FREELISTS 1 FREELIST GROUPS 1 BUFFER_POOL DEFAULT FLASH_CACHE DEFAULT CELL_FLASH_CACHE DEFAULT)
  TABLESPACE "USERS" ;
--------------------------------------------------------
--  DDL for Index PK_CAJERO_ID
--------------------------------------------------------

  CREATE UNIQUE INDEX "ANLYT"."PK_CAJERO_ID" ON "ANLYT"."OP_REDENCION_CAJERO" ("ID_CAJERO") 
  PCTFREE 10 INITRANS 2 MAXTRANS 255 COMPUTE STATISTICS 
  STORAGE(INITIAL 65536 NEXT 1048576 MINEXTENTS 1 MAXEXTENTS 2147483645
  PCTINCREASE 0 FREELISTS 1 FREELIST GROUPS 1 BUFFER_POOL DEFAULT FLASH_CACHE DEFAULT CELL_FLASH_CACHE DEFAULT)
  TABLESPACE "USERS" ;
--------------------------------------------------------
--  DDL for Index PK_OPEVENTORAW
--------------------------------------------------------

  CREATE UNIQUE INDEX "ANLYT"."PK_OPEVENTORAW" ON "ANLYT"."OP_EVENTO_RAW" ("ID_EVENTORAW") 
  PCTFREE 10 INITRANS 2 MAXTRANS 255 COMPUTE STATISTICS 
  STORAGE(INITIAL 65536 NEXT 1048576 MINEXTENTS 1 MAXEXTENTS 2147483645
  PCTINCREASE 0 FREELISTS 1 FREELIST GROUPS 1 BUFFER_POOL DEFAULT FLASH_CACHE DEFAULT CELL_FLASH_CACHE DEFAULT)
  TABLESPACE "USERS" ;
--------------------------------------------------------
--  DDL for Index PK_CATEGORIA_EDAD_ID
--------------------------------------------------------

  CREATE UNIQUE INDEX "ANLYT"."PK_CATEGORIA_EDAD_ID" ON "ANLYT"."OP_CATEGORIA_EDAD" ("ID_CATEGORIA_EDAD") 
  PCTFREE 10 INITRANS 2 MAXTRANS 255 COMPUTE STATISTICS 
  STORAGE(INITIAL 65536 NEXT 1048576 MINEXTENTS 1 MAXEXTENTS 2147483645
  PCTINCREASE 0 FREELISTS 1 FREELIST GROUPS 1 BUFFER_POOL DEFAULT FLASH_CACHE DEFAULT CELL_FLASH_CACHE DEFAULT)
  TABLESPACE "USERS" ;
--------------------------------------------------------
--  DDL for Index UK_CIUDAD
--------------------------------------------------------

  CREATE UNIQUE INDEX "ANLYT"."UK_CIUDAD" ON "ANLYT"."OP_CIUDAD" ("DEPARTAMENTO_COD", "MUNICIPIO_COD") 
  PCTFREE 10 INITRANS 2 MAXTRANS 255 COMPUTE STATISTICS 
  STORAGE(INITIAL 65536 NEXT 1048576 MINEXTENTS 1 MAXEXTENTS 2147483645
  PCTINCREASE 0 FREELISTS 1 FREELIST GROUPS 1 BUFFER_POOL DEFAULT FLASH_CACHE DEFAULT CELL_FLASH_CACHE DEFAULT)
  TABLESPACE "USERS" ;
--------------------------------------------------------
--  DDL for Index OP_REDENCION_CAJA_UK1
--------------------------------------------------------

  CREATE UNIQUE INDEX "ANLYT"."OP_REDENCION_CAJA_UK1" ON "ANLYT"."OP_REDENCION_CAJA" ("CAJA_COD", "ID_SUCURSAL") 
  PCTFREE 10 INITRANS 2 MAXTRANS 255 COMPUTE STATISTICS 
  STORAGE(INITIAL 65536 NEXT 1048576 MINEXTENTS 1 MAXEXTENTS 2147483645
  PCTINCREASE 0 FREELISTS 1 FREELIST GROUPS 1 BUFFER_POOL DEFAULT FLASH_CACHE DEFAULT CELL_FLASH_CACHE DEFAULT)
  TABLESPACE "USERS" ;
--------------------------------------------------------
--  DDL for Index OP_EVENTO_PK
--------------------------------------------------------

  CREATE UNIQUE INDEX "ANLYT"."OP_EVENTO_PK" ON "ANLYT"."OP_EVENTO" ("ID_EVENTORAW") 
  PCTFREE 10 INITRANS 2 MAXTRANS 255 COMPUTE STATISTICS 
  STORAGE(INITIAL 65536 NEXT 1048576 MINEXTENTS 1 MAXEXTENTS 2147483645
  PCTINCREASE 0 FREELISTS 1 FREELIST GROUPS 1 BUFFER_POOL DEFAULT FLASH_CACHE DEFAULT CELL_FLASH_CACHE DEFAULT)
  TABLESPACE "USERS" ;
--------------------------------------------------------
--  DDL for Index PK_CIUDAD_ID
--------------------------------------------------------

  CREATE UNIQUE INDEX "ANLYT"."PK_CIUDAD_ID" ON "ANLYT"."OP_CIUDAD" ("ID_CIUDAD") 
  PCTFREE 10 INITRANS 2 MAXTRANS 255 COMPUTE STATISTICS 
  STORAGE(INITIAL 65536 NEXT 1048576 MINEXTENTS 1 MAXEXTENTS 2147483645
  PCTINCREASE 0 FREELISTS 1 FREELIST GROUPS 1 BUFFER_POOL DEFAULT FLASH_CACHE DEFAULT CELL_FLASH_CACHE DEFAULT)
  TABLESPACE "USERS" ;
--------------------------------------------------------
--  DDL for Index PK_SEGMENTO_ID
--------------------------------------------------------

  CREATE UNIQUE INDEX "ANLYT"."PK_SEGMENTO_ID" ON "ANLYT"."OP_SEGMENTO" ("ID_SEGMENTO") 
  PCTFREE 10 INITRANS 2 MAXTRANS 255 COMPUTE STATISTICS 
  STORAGE(INITIAL 65536 NEXT 1048576 MINEXTENTS 1 MAXEXTENTS 2147483645
  PCTINCREASE 0 FREELISTS 1 FREELIST GROUPS 1 BUFFER_POOL DEFAULT FLASH_CACHE DEFAULT CELL_FLASH_CACHE DEFAULT)
  TABLESPACE "USERS" ;
--------------------------------------------------------
--  DDL for Index UK_DESC_SEGMENTO
--------------------------------------------------------

  CREATE UNIQUE INDEX "ANLYT"."UK_DESC_SEGMENTO" ON "ANLYT"."OP_SEGMENTO" ("DESC_SEGMENTO") 
  PCTFREE 10 INITRANS 2 MAXTRANS 255 COMPUTE STATISTICS 
  STORAGE(INITIAL 65536 NEXT 1048576 MINEXTENTS 1 MAXEXTENTS 2147483645
  PCTINCREASE 0 FREELISTS 1 FREELIST GROUPS 1 BUFFER_POOL DEFAULT FLASH_CACHE DEFAULT CELL_FLASH_CACHE DEFAULT)
  TABLESPACE "USERS" ;
--------------------------------------------------------
--  DDL for Index PK_ID_CAJA
--------------------------------------------------------

  CREATE UNIQUE INDEX "ANLYT"."PK_ID_CAJA" ON "ANLYT"."OP_REDENCION_CAJA" ("ID_CAJA") 
  PCTFREE 10 INITRANS 2 MAXTRANS 255 COMPUTE STATISTICS 
  STORAGE(INITIAL 65536 NEXT 1048576 MINEXTENTS 1 MAXEXTENTS 2147483645
  PCTINCREASE 0 FREELISTS 1 FREELIST GROUPS 1 BUFFER_POOL DEFAULT FLASH_CACHE DEFAULT CELL_FLASH_CACHE DEFAULT)
  TABLESPACE "USERS" ;
--------------------------------------------------------
--  DDL for Index PK_SUCURSAL_ID
--------------------------------------------------------

  CREATE UNIQUE INDEX "ANLYT"."PK_SUCURSAL_ID" ON "ANLYT"."OP_SUCURSAL" ("ID_SUCURSAL") 
  PCTFREE 10 INITRANS 2 MAXTRANS 255 COMPUTE STATISTICS 
  STORAGE(INITIAL 65536 NEXT 1048576 MINEXTENTS 1 MAXEXTENTS 2147483645
  PCTINCREASE 0 FREELISTS 1 FREELIST GROUPS 1 BUFFER_POOL DEFAULT FLASH_CACHE DEFAULT CELL_FLASH_CACHE DEFAULT)
  TABLESPACE "USERS" ;
--------------------------------------------------------
--  DDL for Index UK_SUCURSAL
--------------------------------------------------------

  CREATE UNIQUE INDEX "ANLYT"."UK_SUCURSAL" ON "ANLYT"."OP_SUCURSAL" ("RAZON_SOCIAL") 
  PCTFREE 10 INITRANS 2 MAXTRANS 255 COMPUTE STATISTICS 
  STORAGE(INITIAL 65536 NEXT 1048576 MINEXTENTS 1 MAXEXTENTS 2147483645
  PCTINCREASE 0 FREELISTS 1 FREELIST GROUPS 1 BUFFER_POOL DEFAULT FLASH_CACHE DEFAULT CELL_FLASH_CACHE DEFAULT)
  TABLESPACE "USERS" ;
--------------------------------------------------------
--  Constraints for Table OP_REDENCION_CAJA
--------------------------------------------------------

  ALTER TABLE "ANLYT"."OP_REDENCION_CAJA" MODIFY ("ID_SUCURSAL" NOT NULL ENABLE);
  ALTER TABLE "ANLYT"."OP_REDENCION_CAJA" ADD CONSTRAINT "OP_REDENCION_CAJA_UK1" UNIQUE ("CAJA_COD", "ID_SUCURSAL")
  USING INDEX PCTFREE 10 INITRANS 2 MAXTRANS 255 COMPUTE STATISTICS 
  STORAGE(INITIAL 65536 NEXT 1048576 MINEXTENTS 1 MAXEXTENTS 2147483645
  PCTINCREASE 0 FREELISTS 1 FREELIST GROUPS 1 BUFFER_POOL DEFAULT FLASH_CACHE DEFAULT CELL_FLASH_CACHE DEFAULT)
  TABLESPACE "USERS"  ENABLE;
  ALTER TABLE "ANLYT"."OP_REDENCION_CAJA" ADD CONSTRAINT "OP_REDENCION_CAJA_PK" PRIMARY KEY ("ID_CAJA")
  USING INDEX PCTFREE 10 INITRANS 2 MAXTRANS 255 COMPUTE STATISTICS 
  STORAGE(INITIAL 65536 NEXT 1048576 MINEXTENTS 1 MAXEXTENTS 2147483645
  PCTINCREASE 0 FREELISTS 1 FREELIST GROUPS 1 BUFFER_POOL DEFAULT FLASH_CACHE DEFAULT CELL_FLASH_CACHE DEFAULT)
  TABLESPACE "USERS"  ENABLE;
  ALTER TABLE "ANLYT"."OP_REDENCION_CAJA" MODIFY ("ID_CAJA" NOT NULL ENABLE);
  ALTER TABLE "ANLYT"."OP_REDENCION_CAJA" MODIFY ("CAJA_COD" NOT NULL ENABLE);
--------------------------------------------------------
--  Constraints for Table OP_REDENCION_CUENTA
--------------------------------------------------------

  ALTER TABLE "ANLYT"."OP_REDENCION_CUENTA" ADD CONSTRAINT "PK_CUENTA_ID" PRIMARY KEY ("ID_CUENTA_COD")
  USING INDEX PCTFREE 10 INITRANS 2 MAXTRANS 255 COMPUTE STATISTICS 
  STORAGE(INITIAL 65536 NEXT 1048576 MINEXTENTS 1 MAXEXTENTS 2147483645
  PCTINCREASE 0 FREELISTS 1 FREELIST GROUPS 1 BUFFER_POOL DEFAULT FLASH_CACHE DEFAULT CELL_FLASH_CACHE DEFAULT)
  TABLESPACE "USERS"  ENABLE;
  ALTER TABLE "ANLYT"."OP_REDENCION_CUENTA" MODIFY ("ID_CUENTA_COD" NOT NULL ENABLE);
--------------------------------------------------------
--  Constraints for Table OP_CATEGORIA_EDAD
--------------------------------------------------------

  ALTER TABLE "ANLYT"."OP_CATEGORIA_EDAD" ADD CONSTRAINT "PK_CATEGORIA_EDAD_ID" PRIMARY KEY ("ID_CATEGORIA_EDAD")
  USING INDEX PCTFREE 10 INITRANS 2 MAXTRANS 255 COMPUTE STATISTICS 
  STORAGE(INITIAL 65536 NEXT 1048576 MINEXTENTS 1 MAXEXTENTS 2147483645
  PCTINCREASE 0 FREELISTS 1 FREELIST GROUPS 1 BUFFER_POOL DEFAULT FLASH_CACHE DEFAULT CELL_FLASH_CACHE DEFAULT)
  TABLESPACE "USERS"  ENABLE;
  ALTER TABLE "ANLYT"."OP_CATEGORIA_EDAD" MODIFY ("EDAD_FINAL" NOT NULL ENABLE);
  ALTER TABLE "ANLYT"."OP_CATEGORIA_EDAD" MODIFY ("EDAD_INICIAL" NOT NULL ENABLE);
  ALTER TABLE "ANLYT"."OP_CATEGORIA_EDAD" MODIFY ("ID_CATEGORIA_EDAD" NOT NULL ENABLE);
  ALTER TABLE "ANLYT"."OP_CATEGORIA_EDAD" MODIFY ("DESC_CATEGORIA_EDAD" NOT NULL ENABLE);
--------------------------------------------------------
--  Constraints for Table OP_SUCURSAL
--------------------------------------------------------

  ALTER TABLE "ANLYT"."OP_SUCURSAL" ADD CONSTRAINT "PK_SUCURSAL_ID" PRIMARY KEY ("ID_SUCURSAL")
  USING INDEX PCTFREE 10 INITRANS 2 MAXTRANS 255 COMPUTE STATISTICS 
  STORAGE(INITIAL 65536 NEXT 1048576 MINEXTENTS 1 MAXEXTENTS 2147483645
  PCTINCREASE 0 FREELISTS 1 FREELIST GROUPS 1 BUFFER_POOL DEFAULT FLASH_CACHE DEFAULT CELL_FLASH_CACHE DEFAULT)
  TABLESPACE "USERS"  ENABLE;
  ALTER TABLE "ANLYT"."OP_SUCURSAL" ADD CONSTRAINT "UK_SUCURSAL" UNIQUE ("RAZON_SOCIAL")
  USING INDEX PCTFREE 10 INITRANS 2 MAXTRANS 255 COMPUTE STATISTICS 
  STORAGE(INITIAL 65536 NEXT 1048576 MINEXTENTS 1 MAXEXTENTS 2147483645
  PCTINCREASE 0 FREELISTS 1 FREELIST GROUPS 1 BUFFER_POOL DEFAULT FLASH_CACHE DEFAULT CELL_FLASH_CACHE DEFAULT)
  TABLESPACE "USERS"  ENABLE;
  ALTER TABLE "ANLYT"."OP_SUCURSAL" MODIFY ("ID_SUCURSAL" NOT NULL ENABLE);
  ALTER TABLE "ANLYT"."OP_SUCURSAL" MODIFY ("SUCURSAL_COD" NOT NULL ENABLE);
--------------------------------------------------------
--  Constraints for Table OP_REDENCION_CAJERO
--------------------------------------------------------

  ALTER TABLE "ANLYT"."OP_REDENCION_CAJERO" ADD CONSTRAINT "OP_REDENCION_CAJERO_UK1" UNIQUE ("CAJERO_COD", "ID_SUCURSAL")
  USING INDEX PCTFREE 10 INITRANS 2 MAXTRANS 255 COMPUTE STATISTICS 
  STORAGE(INITIAL 65536 NEXT 1048576 MINEXTENTS 1 MAXEXTENTS 2147483645
  PCTINCREASE 0 FREELISTS 1 FREELIST GROUPS 1 BUFFER_POOL DEFAULT FLASH_CACHE DEFAULT CELL_FLASH_CACHE DEFAULT)
  TABLESPACE "USERS"  ENABLE;
  ALTER TABLE "ANLYT"."OP_REDENCION_CAJERO" MODIFY ("ID_CAJERO" NOT NULL ENABLE);
  ALTER TABLE "ANLYT"."OP_REDENCION_CAJERO" ADD CONSTRAINT "PK_ID_CAJERO" PRIMARY KEY ("ID_CAJERO")
  USING INDEX PCTFREE 10 INITRANS 2 MAXTRANS 255 COMPUTE STATISTICS 
  STORAGE(INITIAL 65536 NEXT 1048576 MINEXTENTS 1 MAXEXTENTS 2147483645
  PCTINCREASE 0 FREELISTS 1 FREELIST GROUPS 1 BUFFER_POOL DEFAULT FLASH_CACHE DEFAULT CELL_FLASH_CACHE DEFAULT)
  TABLESPACE "USERS"  ENABLE;
  ALTER TABLE "ANLYT"."OP_REDENCION_CAJERO" MODIFY ("ID_SUCURSAL" NOT NULL ENABLE);
  ALTER TABLE "ANLYT"."OP_REDENCION_CAJERO" MODIFY ("CAJERO_COD" NOT NULL ENABLE);
--------------------------------------------------------
--  Constraints for Table OP_EVENTO_RAW
--------------------------------------------------------

  ALTER TABLE "ANLYT"."OP_EVENTO_RAW" ADD CONSTRAINT "PK_OPEVENTORAW" PRIMARY KEY ("ID_EVENTORAW")
  USING INDEX PCTFREE 10 INITRANS 2 MAXTRANS 255 COMPUTE STATISTICS 
  STORAGE(INITIAL 65536 NEXT 1048576 MINEXTENTS 1 MAXEXTENTS 2147483645
  PCTINCREASE 0 FREELISTS 1 FREELIST GROUPS 1 BUFFER_POOL DEFAULT FLASH_CACHE DEFAULT CELL_FLASH_CACHE DEFAULT)
  TABLESPACE "USERS"  ENABLE;
  ALTER TABLE "ANLYT"."OP_EVENTO_RAW" MODIFY ("ID_EVENTORAW" NOT NULL ENABLE);
  ALTER TABLE "ANLYT"."OP_EVENTO_RAW" MODIFY ("EVENTO_ID" NOT NULL ENABLE);
--------------------------------------------------------
--  Constraints for Table OP_SEGMENTO
--------------------------------------------------------

  ALTER TABLE "ANLYT"."OP_SEGMENTO" ADD CONSTRAINT "UK_DESC_SEGMENTO" UNIQUE ("DESC_SEGMENTO")
  USING INDEX PCTFREE 10 INITRANS 2 MAXTRANS 255 COMPUTE STATISTICS 
  STORAGE(INITIAL 65536 NEXT 1048576 MINEXTENTS 1 MAXEXTENTS 2147483645
  PCTINCREASE 0 FREELISTS 1 FREELIST GROUPS 1 BUFFER_POOL DEFAULT FLASH_CACHE DEFAULT CELL_FLASH_CACHE DEFAULT)
  TABLESPACE "USERS"  ENABLE;
  ALTER TABLE "ANLYT"."OP_SEGMENTO" ADD CONSTRAINT "PK_SEGMENTO_ID" PRIMARY KEY ("ID_SEGMENTO")
  USING INDEX PCTFREE 10 INITRANS 2 MAXTRANS 255 COMPUTE STATISTICS 
  STORAGE(INITIAL 65536 NEXT 1048576 MINEXTENTS 1 MAXEXTENTS 2147483645
  PCTINCREASE 0 FREELISTS 1 FREELIST GROUPS 1 BUFFER_POOL DEFAULT FLASH_CACHE DEFAULT CELL_FLASH_CACHE DEFAULT)
  TABLESPACE "USERS"  ENABLE;
  ALTER TABLE "ANLYT"."OP_SEGMENTO" MODIFY ("DESC_SEGMENTO" NOT NULL ENABLE);
  ALTER TABLE "ANLYT"."OP_SEGMENTO" MODIFY ("ID_SEGMENTO" NOT NULL ENABLE);
--------------------------------------------------------
--  Constraints for Table OP_EVENTO
--------------------------------------------------------

  ALTER TABLE "ANLYT"."OP_EVENTO" MODIFY ("ID_EVENTORAW" NOT NULL ENABLE);
  ALTER TABLE "ANLYT"."OP_EVENTO" MODIFY ("EVENTO_COD" NOT NULL ENABLE);
  ALTER TABLE "ANLYT"."OP_EVENTO" ADD CONSTRAINT "OP_EVENTO_PK" PRIMARY KEY ("ID_EVENTORAW")
  USING INDEX PCTFREE 10 INITRANS 2 MAXTRANS 255 COMPUTE STATISTICS 
  STORAGE(INITIAL 65536 NEXT 1048576 MINEXTENTS 1 MAXEXTENTS 2147483645
  PCTINCREASE 0 FREELISTS 1 FREELIST GROUPS 1 BUFFER_POOL DEFAULT FLASH_CACHE DEFAULT CELL_FLASH_CACHE DEFAULT)
  TABLESPACE "USERS"  ENABLE;
--------------------------------------------------------
--  Constraints for Table OP_CIUDAD
--------------------------------------------------------

  ALTER TABLE "ANLYT"."OP_CIUDAD" ADD CONSTRAINT "UK_CIUDAD" UNIQUE ("DEPARTAMENTO_COD", "MUNICIPIO_COD")
  USING INDEX PCTFREE 10 INITRANS 2 MAXTRANS 255 COMPUTE STATISTICS 
  STORAGE(INITIAL 65536 NEXT 1048576 MINEXTENTS 1 MAXEXTENTS 2147483645
  PCTINCREASE 0 FREELISTS 1 FREELIST GROUPS 1 BUFFER_POOL DEFAULT FLASH_CACHE DEFAULT CELL_FLASH_CACHE DEFAULT)
  TABLESPACE "USERS"  ENABLE;
  ALTER TABLE "ANLYT"."OP_CIUDAD" ADD CONSTRAINT "PK_CIUDAD_ID" PRIMARY KEY ("ID_CIUDAD")
  USING INDEX PCTFREE 10 INITRANS 2 MAXTRANS 255 COMPUTE STATISTICS 
  STORAGE(INITIAL 65536 NEXT 1048576 MINEXTENTS 1 MAXEXTENTS 2147483645
  PCTINCREASE 0 FREELISTS 1 FREELIST GROUPS 1 BUFFER_POOL DEFAULT FLASH_CACHE DEFAULT CELL_FLASH_CACHE DEFAULT)
  TABLESPACE "USERS"  ENABLE;
  ALTER TABLE "ANLYT"."OP_CIUDAD" MODIFY ("ID_CIUDAD" NOT NULL ENABLE);
--------------------------------------------------------
--  Constraints for Table OP_EMPRESA
--------------------------------------------------------

  ALTER TABLE "ANLYT"."OP_EMPRESA" ADD CONSTRAINT "UK_NIT" UNIQUE ("NIT")
  USING INDEX PCTFREE 10 INITRANS 2 MAXTRANS 255 COMPUTE STATISTICS 
  STORAGE(INITIAL 65536 NEXT 1048576 MINEXTENTS 1 MAXEXTENTS 2147483645
  PCTINCREASE 0 FREELISTS 1 FREELIST GROUPS 1 BUFFER_POOL DEFAULT FLASH_CACHE DEFAULT CELL_FLASH_CACHE DEFAULT)
  TABLESPACE "USERS"  ENABLE;
  ALTER TABLE "ANLYT"."OP_EMPRESA" ADD CONSTRAINT "PK_EMPRESA_ID" PRIMARY KEY ("ID_EMPRESA")
  USING INDEX PCTFREE 10 INITRANS 2 MAXTRANS 255 COMPUTE STATISTICS 
  STORAGE(INITIAL 65536 NEXT 1048576 MINEXTENTS 1 MAXEXTENTS 2147483645
  PCTINCREASE 0 FREELISTS 1 FREELIST GROUPS 1 BUFFER_POOL DEFAULT FLASH_CACHE DEFAULT CELL_FLASH_CACHE DEFAULT)
  TABLESPACE "USERS"  ENABLE;
  ALTER TABLE "ANLYT"."OP_EMPRESA" MODIFY ("RAZON_SOCIAL" NOT NULL ENABLE);
  ALTER TABLE "ANLYT"."OP_EMPRESA" MODIFY ("NIT" NOT NULL ENABLE);
  ALTER TABLE "ANLYT"."OP_EMPRESA" MODIFY ("ID_EMPRESA" NOT NULL ENABLE);
--------------------------------------------------------
--  Ref Constraints for Table OP_EVENTO
--------------------------------------------------------

  ALTER TABLE "ANLYT"."OP_EVENTO" ADD CONSTRAINT "OP_EVENTO_FK1" FOREIGN KEY ("ID_EVENTORAW")
	  REFERENCES "ANLYT"."OP_EVENTO_RAW" ("ID_EVENTORAW") ENABLE;
  ALTER TABLE "ANLYT"."OP_EVENTO" ADD CONSTRAINT "OP_EVENTO_FK2" FOREIGN KEY ("ID_CAJA")
	  REFERENCES "ANLYT"."OP_REDENCION_CAJA" ("ID_CAJA") ENABLE;
  ALTER TABLE "ANLYT"."OP_EVENTO" ADD CONSTRAINT "OP_EVENTO_FK3" FOREIGN KEY ("ID_CAJERO")
	  REFERENCES "ANLYT"."OP_REDENCION_CAJERO" ("ID_CAJERO") ENABLE;
  ALTER TABLE "ANLYT"."OP_EVENTO" ADD CONSTRAINT "OP_EVENTO_FK5" FOREIGN KEY ("TX_ORIGEN_CUENTA")
	  REFERENCES "ANLYT"."OP_REDENCION_CUENTA" ("ID_CUENTA_COD") ENABLE;
--------------------------------------------------------
--  Ref Constraints for Table OP_REDENCION_CAJA
--------------------------------------------------------

  ALTER TABLE "ANLYT"."OP_REDENCION_CAJA" ADD CONSTRAINT "OP_REDENCION_CAJA_FK1" FOREIGN KEY ("ID_SUCURSAL")
	  REFERENCES "ANLYT"."OP_SUCURSAL" ("ID_SUCURSAL") ENABLE;
--------------------------------------------------------
--  Ref Constraints for Table OP_REDENCION_CAJERO
--------------------------------------------------------

  ALTER TABLE "ANLYT"."OP_REDENCION_CAJERO" ADD CONSTRAINT "OP_REDENCION_CAJERO_FK1" FOREIGN KEY ("ID_SUCURSAL")
	  REFERENCES "ANLYT"."OP_SUCURSAL" ("ID_SUCURSAL") ENABLE;
--------------------------------------------------------
--  Ref Constraints for Table OP_REDENCION_CUENTA
--------------------------------------------------------

  ALTER TABLE "ANLYT"."OP_REDENCION_CUENTA" ADD CONSTRAINT "FK_RED_CTA_CATEGORIA_EDAD" FOREIGN KEY ("ID_CATEGORIA_EDAD")
	  REFERENCES "ANLYT"."OP_CATEGORIA_EDAD" ("ID_CATEGORIA_EDAD") ENABLE;
  ALTER TABLE "ANLYT"."OP_REDENCION_CUENTA" ADD CONSTRAINT "FK_RED_CTA_SEGMENTO" FOREIGN KEY ("ID_SEGMENTO")
	  REFERENCES "ANLYT"."OP_SEGMENTO" ("ID_SEGMENTO") ENABLE;
--------------------------------------------------------
--  Ref Constraints for Table OP_SUCURSAL
--------------------------------------------------------

  ALTER TABLE "ANLYT"."OP_SUCURSAL" ADD CONSTRAINT "FK_SUCURSAL_CIUDAD" FOREIGN KEY ("ID_CIUDAD")
	  REFERENCES "ANLYT"."OP_CIUDAD" ("ID_CIUDAD") ENABLE;
  ALTER TABLE "ANLYT"."OP_SUCURSAL" ADD CONSTRAINT "FK_SUCURSAL_EMPRESA" FOREIGN KEY ("ID_EMPRESA")
	  REFERENCES "ANLYT"."OP_EMPRESA" ("ID_EMPRESA") ENABLE;
--------------------------------------------------------
--  DDL for Synonymn AUT_USUARIO
--------------------------------------------------------

  CREATE OR REPLACE SYNONYM "ANLYT"."AUT_USUARIO" FOR "AUT_USUARIO"@"DBLINK_MISPESOS";
--------------------------------------------------------
--  DDL for Synonymn CMT_CAJERO
--------------------------------------------------------

  CREATE OR REPLACE SYNONYM "ANLYT"."CMT_CAJERO" FOR "CMT_CAJERO"@"DBLINK_MISPESOS";
--------------------------------------------------------
--  DDL for Synonymn CMT_COMERCIO
--------------------------------------------------------

  CREATE OR REPLACE SYNONYM "ANLYT"."CMT_COMERCIO" FOR "CMT_COMERCIO"@"DBLINK_MISPESOS";
--------------------------------------------------------
--  DDL for Synonymn CMT_ESTABLECIMIENTO
--------------------------------------------------------

  CREATE OR REPLACE SYNONYM "ANLYT"."CMT_ESTABLECIMIENTO" FOR "CMT_ESTABLECIMIENTO"@"DBLINK_MISPESOS";
--------------------------------------------------------
--  DDL for Synonymn CMT_GRUPO_COMERCIO
--------------------------------------------------------

  CREATE OR REPLACE SYNONYM "ANLYT"."CMT_GRUPO_COMERCIO" FOR "CMT_GRUPO_COMERCIO"@"DBLINK_MISPESOS";
--------------------------------------------------------
--  DDL for Synonymn CRT_CUENTA
--------------------------------------------------------

  CREATE OR REPLACE SYNONYM "ANLYT"."CRT_CUENTA" FOR "CRT_CUENTA"@"DBLINK_MISPESOS";
--------------------------------------------------------
--  DDL for Synonymn CRT_PERSONA
--------------------------------------------------------

  CREATE OR REPLACE SYNONYM "ANLYT"."CRT_PERSONA" FOR "CRT_PERSONA"@"DBLINK_MISPESOS";
--------------------------------------------------------
--  DDL for Synonymn GET_UBICACION
--------------------------------------------------------

  CREATE OR REPLACE SYNONYM "ANLYT"."GET_UBICACION" FOR "GET_UBICACION"@"DBLINK_MISPESOS";
