<?xml version="1.0" encoding="UTF-8" standalone="yes"?>
<ns2:ExportManifest xmlns:ns2="http://www.pentaho.com/schema/">
    <ExportManifestInformation exportDate="07-10-2014 10:45:57 COT" exportBy="admin" rootFolder="/public/b/APP_ROOT/" manifestVersion="2"/>
    <ExportManifestEntity path="0001_Perspectivas">
        <ExportManifestProperty>
            <EntityMetaData name="0001_Perspectivas" createdDate="2014-10-06T17:12:55.389-05:00" isFolder="true" path="0001_Perspectivas" isHidden="false" locale="en_US" title="0001_Perspectivas"/>
        </ExportManifestProperty>
        <ExportManifestProperty>
            <EntityAcl>
                <entriesInheriting>true</entriesInheriting>
                <owner>admin</owner>
                <ownerType>USER</ownerType>
            </EntityAcl>
        </ExportManifestProperty>
    </ExportManifestEntity>
</ns2:ExportManifest>
