{
  "streamId": "MISPESOS_EVT_DATA:1.0.0",
  "name": "MISPESOS_EVT_DATA",
  "version": "1.0.0",
  "nickName": "",
  "description": "",
  "metaData": [
    {
      "name": "eventoId",
      "type": "STRING"
    },
    {
      "name": "eventoTipo",
      "type": "STRING"
    },
    {
      "name": "eventoFecha",
      "type": "STRING"
    },
    {
      "name": "eventoDireccionIp",
      "type": "STRING"
    },
    {
      "name": "eventoCanal",
      "type": "STRING"
    },
    {
      "name": "eventoRespNroConfirmacion",
      "type": "STRING"
    },
    {
      "name": "eventoRespCod",
      "type": "STRING"
    },
    {
      "name": "eventoRespDescripcion",
      "type": "STRING"
    }
  ],
  "correlationData": [],
  "payloadData": [
    {
      "name": "comercioCod",
      "type": "STRING"
    },
    {
      "name": "cajaId",
      "type": "STRING"
    },
    {
      "name": "txOrigenCuenta",
      "type": "STRING"
    },
    {
      "name": "txDestinoCuenta",
      "type": "STRING"
    },
    {
      "name": "cajeroId",
      "type": "STRING"
    },
    {
      "name": "bonoSerial",
      "type": "STRING"
    },
    {
      "name": "bonoEspecieCod",
      "type": "STRING"
    },
    {
      "name": "bonoEmisorCod",
      "type": "STRING"
    },
    {
      "name": "bonoEspecieVer",
      "type": "STRING"
    },
    {
      "name": "bonoEstado",
      "type": "STRING"
    },
    {
      "name": "bonoValor",
      "type": "DOUBLE"
    },
    {
      "name": "bonoDenominacion",
      "type": "STRING"
    },
    {
      "name": "bonoFechaVencimiento",
      "type": "STRING"
    }
  ]
}