<?xml version="1.0" encoding="UTF-8"?>
<eventReceiver name="DATA_RECEIVER" statistics="disable" trace="disable" xmlns="http://wso2.org/carbon/eventreceiver">
    <from eventAdapterType="kafka">
        <property name="topic">my-topic-test</property>
        <property name="zookeeper.connect">192.168.1.40</property>
        <property name="threads">1</property>
        <property name="group.id">0</property>
        <property name="events.duplicated.in.cluster">false</property>
    </from>
    <mapping customMapping="enable" type="json">
        <property>
            <from jsonPath="$.eventoId"/>
            <to name="meta_eventoId" type="string"/>
        </property>
        <property>
            <from jsonPath="$.eventoTipo"/>
            <to name="meta_eventoTipo" type="string"/>
        </property>
        <property>
            <from jsonPath="$.eventoFecha"/>
            <to name="meta_eventoFecha" type="string"/>
        </property>
        <property>
            <from jsonPath="$.eventoDireccionIp"/>
            <to name="meta_eventoDireccionIp" type="string"/>
        </property>
        <property>
            <from jsonPath="$.eventoCanal"/>
            <to name="meta_eventoCanal" type="string"/>
        </property>
        <property>
            <from jsonPath="$.eventoRespNroConfirmacion"/>
            <to name="meta_eventoRespNroConfirmacion" type="string"/>
        </property>
        <property>
            <from jsonPath="$.eventoRespCod"/>
            <to name="meta_eventoRespCod" type="string"/>
        </property>
        <property>
            <from jsonPath="$.eventoRespDescripcion"/>
            <to name="meta_eventoRespDescripcion" type="string"/>
        </property>
        <property>
            <from jsonPath="$.comercioCod"/>
            <to name="comercioCod" type="string"/>
        </property>
        <property>
            <from jsonPath="$.cajaId"/>
            <to name="cajaId" type="string"/>
        </property>
        <property>
            <from jsonPath="$.txOrigenCuenta"/>
            <to name="txOrigenCuenta" type="string"/>
        </property>
        <property>
            <from jsonPath="$.txDestinoCuenta"/>
            <to name="txDestinoCuenta" type="string"/>
        </property>
        <property>
            <from jsonPath="$.cajeroId"/>
            <to name="cajeroId" type="string"/>
        </property>
        <property>
            <from jsonPath="$.bonoSerial"/>
            <to name="bonoSerial" type="string"/>
        </property>
        <property>
            <from jsonPath="$.bonoEspecieCod"/>
            <to name="bonoEspecieCod" type="string"/>
        </property>
        <property>
            <from jsonPath="$.bonoEmisorCod"/>
            <to name="bonoEmisorCod" type="string"/>
        </property>
        <property>
            <from jsonPath="$.bonoEspecieVer"/>
            <to name="bonoEspecieVer" type="string"/>
        </property>
        <property>
            <from jsonPath="$.bonoEstado"/>
            <to name="bonoEstado" type="string"/>
        </property>
        <property>
            <from jsonPath="$.bonoValor"/>
            <to name="bonoValor" type="double"/>
        </property>
        <property>
            <from jsonPath="$.bonoDenominacion"/>
            <to name="bonoDenominacion" type="string"/>
        </property>
        <property>
            <from jsonPath="$.bonoFechaVencimiento"/>
            <to name="bonoFechaVencimiento" type="string"/>
        </property>
    </mapping>
    <to streamName="MISPESOS_EVT_DATA" version="1.0.0"/>
</eventReceiver>
                                    